{"type": "FeatureCollection", "features": [{"type": "Feature", "properties": {"name": "Anaho Island National Wildlife Refuge", "orgcode": 84591, "source": "USFWS National Wildlife Refuge System Boundaries (gis-fws.opendata.arcgis.com)"}, "geometry": {"type": "Polygon", "coordinates": [[[-119.507891792334, 39.9516497871485], [-119.507881540759, 39.9516405373829], [-119.507740592396, 39.9516482032846], [-119.506482279059, 39.9517144328655], [-119.506482217973, 39.9517144363087], [-119.506144084016, 39.9517322334102], [-119.505391791678, 39.9510592423377], [-119.507736826659, 39.950679687071], [-119.50788597125, 39.9505746587999], [-119.510689834238, 39.9485999328343], [-119.511908759145, 39.9477414590648], [-119.512525086075, 39.9475689042373], [-119.513497400081, 39.9472966832364], [-119.517201154895, 39.9485427162764], [-119.518367904753, 39.9489352089326], [-119.519710259977, 39.9486049325577], [-119.519762391908, 39.9480451327422], [-119.520015120336, 39.947806662859], [-119.520602896112, 39.9478149669035], [-119.520909830681, 39.9482222674079], [-119.520910069633, 39.9482284296354], [-119.520914887298, 39.9483519605559], [-119.520949376317, 39.9492367569243], [-119.520844084782, 39.9504487436602], [-119.520929201054, 39.9505706859936], [-119.521389619078, 39.9512304840756], [-119.521346350824, 39.9518820052978], [-119.521041373683, 39.9524124429547], [-119.521282838137, 39.9530375187722], [-119.520891997326, 39.9536573188972], [-119.519534560287, 39.954122123644], [-119.519566119001, 39.9542705654126], [-119.519686605539, 39.9548373373569], [-119.519098623151, 39.9557668835827], [-119.518650346756, 39.9559775795585], [-119.517225143507, 39.9566474339283], [-119.517024196666, 39.9569901527207], [-119.516599233349, 39.957714928985], [-119.516482327497, 39.9579143112079], [-119.515373366262, 39.9598356249922], [-119.515703776505, 39.9621599883061], [-119.515044105862, 39.9618114656052], [-119.513589462126, 39.9581618969602], [-119.513426090915, 39.9579169842497], [-119.512761752627, 39.9576499184857], [-119.512499961095, 39.9575446764416], [-119.512301813404, 39.9574650190412], [-119.511857433003, 39.9572863831068], [-119.511133393579, 39.9566910579122], [-119.510824259035, 39.956045872101], [-119.510421007999, 39.9551770484596], [-119.510438744336, 39.9542725857946], [-119.510442241478, 39.9540936702081], [-119.508917414165, 39.9531791841095], [-119.508917528251, 39.9531776388437], [-119.508917532742, 39.953177589263], [-119.508948187751, 39.9527638279714], [-119.508416266526, 39.9521228642985], [-119.507891792334, 39.9516497871485]]]}}, {"type": "Feature", "properties": {"name": "Ash Meadows National Wildlife Refuge", "orgcode": 84554, "source": "USFWS National Wildlife Refuge System Boundaries (gis-fws.opendata.arcgis.com)"}, "geometry": {"type": "MultiPolygon", "coordinates": [[[[-116.321934356914, 36.4847006982898], [-116.321543632884, 36.4812625718884], [-116.321337721953, 36.4779281666073], [-116.321131813717, 36.4745937327003], [-116.320923044347, 36.4712594948491], [-116.320714328875, 36.4679253664127], [-116.316246183212, 36.4678491038164], [-116.311777982752, 36.4677728960488], [-116.311572351197, 36.4643994905575], [-116.311366721439, 36.4610261131228], [-116.311152587329, 36.4575134330587], [-116.308894473335, 36.4574627321421], [-116.308674478617, 36.4539683018629], [-116.308720961941, 36.450303785886], [-116.310982548822, 36.4503264857364], [-116.311004624921, 36.4484893407508], [-116.315437569201, 36.4485081593422], [-116.315431966408, 36.4503390557351], [-116.319881383994, 36.4503514573707], [-116.319859726511, 36.4467021918232], [-116.315443198943, 36.4466772905531], [-116.311026672273, 36.4466522216284], [-116.306508196699, 36.4466261829472], [-116.301989748075, 36.4466000019021], [-116.302044263236, 36.4429851270513], [-116.302098806246, 36.4393702499993], [-116.297671581539, 36.4391888508412], [-116.293244358628, 36.4390074779985], [-116.293211296134, 36.4354309972718], [-116.293178143809, 36.4318735949984], [-116.293144907042, 36.42830932947], [-116.293117496747, 36.4247624192346], [-116.288382294527, 36.4246621874511], [-116.288496032021, 36.4282055642287], [-116.283849498011, 36.428083526072], [-116.279718873655, 36.4280451778742], [-116.275258792168, 36.4280036096379], [-116.27077643336, 36.4279878492489], [-116.270988810365, 36.4315247212277], [-116.271203077425, 36.4350504849889], [-116.266746439181, 36.4350261111803], [-116.257816166567, 36.4351287239593], [-116.257571928116, 36.4315968506964], [-116.257324272474, 36.4280160061699], [-116.25704673617, 36.4243738674764], [-116.252706290516, 36.4244800188099], [-116.248365837676, 36.4245861692754], [-116.248287729162, 36.4208770584801], [-116.248208354023, 36.4171075921802], [-116.248128982478, 36.4133381250989], [-116.248049616323, 36.4095686536551], [-116.248222160231, 36.4058726854155], [-116.248394696054, 36.4021767134358], [-116.248141097158, 36.3983981082861], [-116.247887511736, 36.3946195009132], [-116.252265718073, 36.3943899124754], [-116.252296106283, 36.3906964163533], [-116.252326485509, 36.3870035380595], [-116.252344128421, 36.3833103982984], [-116.252361770435, 36.3796170910858], [-116.252443140732, 36.3761202428303], [-116.252524507435, 36.3726232308499], [-116.252412863913, 36.3689164300565], [-116.252301223985, 36.3652094620526], [-116.252144025098, 36.3614951889951], [-116.251986833398, 36.3577807393821], [-116.256559723522, 36.3576288962004], [-116.261137976587, 36.3574765231616], [-116.265716217975, 36.3573241498245], [-116.270356076605, 36.3573408896224], [-116.274995933438, 36.3573576279699], [-116.279638928984, 36.3573743778888], [-116.283947665905, 36.3573900433606], [-116.28846319231, 36.35738873899], [-116.292979265788, 36.3573872342251], [-116.297502200599, 36.3573857945702], [-116.302025135409, 36.3573843534683], [-116.306567865495, 36.3573458727121], [-116.31111059109, 36.3573073926603], [-116.31117304646, 36.3611169253361], [-116.311235505423, 36.3649264545573], [-116.315785250453, 36.3649815829151], [-116.320334998179, 36.3650367119571], [-116.320279279275, 36.3687545505737], [-116.320223557676, 36.3724723858568], [-116.320169128753, 36.3761931318287], [-116.320114696237, 36.3799138762939], [-116.324599978162, 36.380004450606], [-116.329085265477, 36.3800950248125], [-116.333567548826, 36.3801857146309], [-116.333567542538, 36.3801851845013], [-116.338050974832, 36.3802744906719], [-116.342535094338, 36.3802758959114], [-116.342571792314, 36.3839312343317], [-116.342608492086, 36.3875864059916], [-116.342578937514, 36.3912806985202], [-116.342549379347, 36.394974824898], [-116.347007706424, 36.3950441935542], [-116.347181107325, 36.3987099540175], [-116.347354514515, 36.4023757143871], [-116.351911172979, 36.4023607123131], [-116.356474371179, 36.4023762703944], [-116.356646584507, 36.4060139307935], [-116.356818806819, 36.4096515893402], [-116.356714355209, 36.4135122238672], [-116.356609899108, 36.4173728551961], [-116.356505438515, 36.4212334847368], [-116.356400134404, 36.4251251009649], [-116.360906481823, 36.4251681821468], [-116.365412831038, 36.4252112633048], [-116.36991694794, 36.4252537951008], [-116.369971596951, 36.4289234325778], [-116.369963232737, 36.4325295342397], [-116.369962869818, 36.4361368567094], [-116.369962506, 36.4397439847824], [-116.37455959494, 36.4397634125448], [-116.379162376505, 36.4397637587077], [-116.379120040702, 36.4433529989504], [-116.3790777049, 36.4469420724458], [-116.379035423894, 36.4505341737047], [-116.378993115041, 36.4541261079079], [-116.379225567595, 36.4577442076815], [-116.374393078728, 36.4578071137799], [-116.369862573814, 36.4577676842208], [-116.365332094952, 36.4577280884642], [-116.365565600332, 36.4613461307349], [-116.365792298279, 36.4648589803426], [-116.366019024073, 36.4683718297229], [-116.36145626515, 36.468322178347], [-116.361657128447, 36.4718258612814], [-116.361857989948, 36.4753293497297], [-116.36205766208, 36.4788288370946], [-116.362257327025, 36.4823281873756], [-116.357748346644, 36.4823213394228], [-116.353250308641, 36.4823222978906], [-116.348752271537, 36.4823232563585], [-116.349083160582, 36.4856232175979], [-116.349414079271, 36.4889231783894], [-116.349743411536, 36.4922074448103], [-116.345256597983, 36.4922391243716], [-116.340769754786, 36.492270609651], [-116.340437282909, 36.488978370437], [-116.335909988575, 36.4887687755028], [-116.331382722986, 36.4885590131679], [-116.326853901516, 36.4883490010973], [-116.322325081842, 36.4881388223448], [-116.321934356914, 36.4847006982898]]], [[[-116.28715107887, 36.4949989807332], [-116.286976949435, 36.4914782444017], [-116.29144468367, 36.4915547589028], [-116.291649702574, 36.4950679660969], [-116.28715107887, 36.4949989807332]]], [[[-116.312269609147, 36.474547842274], [-116.312023808526, 36.4711604392086], [-116.316473425538, 36.4712099522358], [-116.316700698407, 36.4745708015765], [-116.312269609147, 36.474547842274]]]]}}, {"type": "Feature", "properties": {"name": "Desert National Wildlife Refuge", "orgcode": 84555, "source": "USFWS National Wildlife Refuge System Boundaries (gis-fws.opendata.arcgis.com)"}, "geometry": {"type": "Polygon", "coordinates": [[[-115.124191090664, 37.278004196106], [-115.124189720733, 37.2743543626376], [-115.12427582605, 37.2707876166874], [-115.12436192418, 37.2672208676187], [-115.124448226228, 37.2636415655582], [-115.124534519292, 37.2600622613922], [-115.122295179189, 37.2600893514211], [-115.122455842877, 37.2583163431761], [-115.120229048646, 37.2583444083528], [-115.120402268087, 37.2565724029318], [-115.120748681817, 37.2530283914531], [-115.120760762361, 37.2493869070564], [-115.118454522023, 37.249389137349], [-115.118496379922, 37.2457487256327], [-115.11621990077, 37.2457519872088], [-115.116302182857, 37.242035674749], [-115.114027999799, 37.2420436427977], [-115.114070276313, 37.24018785064], [-115.111797227827, 37.240198143849], [-115.111840627235, 37.2383447306833], [-115.111927638053, 37.2346286480366], [-115.112014638092, 37.2309125624501], [-115.107444271336, 37.2309662227369], [-115.102873898292, 37.231019706321], [-115.10289920563, 37.2273978950089], [-115.098339482114, 37.2274351000395], [-115.098375976172, 37.2237786865696], [-115.098411775833, 37.2202086230952], [-115.093873814903, 37.2201953055461], [-115.093920157192, 37.2166094693646], [-115.089386882772, 37.2166117449805], [-115.08937463065, 37.2133331859225], [-115.084853827542, 37.2134860034816], [-115.084789312334, 37.2098520833713], [-115.080294560369, 37.2098328193884], [-115.080294628641, 37.2062264101164], [-115.075783751917, 37.2062274425482], [-115.075767687345, 37.202641491277], [-115.073135039657, 37.2026536034287], [-115.073129369491, 37.1988418030684], [-115.068595565066, 37.1989390542907], [-115.068591819989, 37.1953180869306], [-115.064065204781, 37.1953288277763], [-115.064073206973, 37.191681826407], [-115.059554758349, 37.1916846845687], [-115.055025016106, 37.191687324468], [-115.050495276557, 37.1916897904731], [-115.048238414814, 37.1916838465849], [-115.04824784982, 37.1891724396897], [-115.047437077157, 37.1884123542815], [-115.047219729774, 37.1882117079592], [-115.046998584314, 37.1880137376295], [-115.046703995291, 37.187759170257], [-115.046403127943, 37.1875093489554], [-115.046096101745, 37.1872643711011], [-115.045783038868, 37.1870243355019], [-115.045464063281, 37.1867893359564], [-115.045139300746, 37.1865594662635], [-115.04480888152, 37.1863348180751], [-115.044472936756, 37.1861154794648], [-115.044131598508, 37.185901538506], [-115.043785003318, 37.1856930789781], [-115.04343328863, 37.1854901839446], [-115.043076593682, 37.185292935037], [-115.042715059509, 37.1851014095929], [-115.042348829843, 37.1849156835175], [-115.041978051108, 37.1847358291372], [-115.041602868831, 37.1845619202093], [-115.041229873053, 37.1843968094867], [-115.040852908519, 37.1842375720252], [-115.040472120755, 37.1840842729893], [-115.04008765439, 37.1839369682388], [-115.039699657646, 37.1837957164952], [-115.039308279643, 37.1836605693222], [-115.038913669501, 37.1835315804293], [-115.038515978139, 37.1834087970838], [-115.038115360065, 37.1832922694145], [-115.037711967095, 37.183182040392], [-115.037305954637, 37.18307815227], [-115.036897478101, 37.1829806451535], [-115.036486693793, 37.1828895562836], [-115.036073760715, 37.1828049214683], [-115.035658834275, 37.1827267715044], [-115.03524207617, 37.1826551364714], [-115.034823646301, 37.1825900457316], [-115.032454752066, 37.1822407389506], [-115.032362736733, 37.1822269673862], [-115.031995749787, 37.1821680213122], [-115.031630402265, 37.1821028829161], [-115.031266856765, 37.1820315793787], [-115.03090527588, 37.1819541450364], [-115.030545821307, 37.1818706127929], [-115.030188654744, 37.1817810219919], [-115.029833934292, 37.1816854098286], [-115.029481818955, 37.1815838220857], [-115.029132467735, 37.1814763016815], [-115.027331439913, 37.1809044260294], [-115.027209286103, 37.1808656377923], [-115.025149417715, 37.1768542031565], [-115.023416417513, 37.1734789652411], [-115.022797581589, 37.1722736229968], [-115.022722147359, 37.1721187163332], [-115.022653819702, 37.1719617120559], [-115.02259269294, 37.1718028191662], [-115.022538845227, 37.1716422480985], [-115.022492349327, 37.171480212152], [-115.022453266324, 37.1713169282068], [-115.020611992181, 37.1627842699258], [-115.019785380423, 37.1589530486635], [-115.01880907071, 37.1544275030532], [-115.018817437619, 37.1516781414027], [-115.01884303152, 37.1444209254991], [-115.01889173548, 37.1371886062676], [-115.018940627187, 37.1299258189304], [-115.018939812415, 37.122666185875], [-115.018939023694, 37.1157270487719], [-115.015113570515, 37.1157434549464], [-115.015173091987, 37.1084641827249], [-115.01513587209, 37.1011578117103], [-115.015080781109, 37.0937677569928], [-115.014925568397, 37.0864183506923], [-115.014847282915, 37.0792951250033], [-115.014871899449, 37.0746095613683], [-115.004941061712, 37.0426840024323], [-114.995522169364, 37.0349695586846], [-114.994719322537, 37.0279544436017], [-114.993143832937, 37.0141845560186], [-115.001306888603, 36.9983706650229], [-115.001210775156, 36.9666570500129], [-114.991841835426, 36.9593354859573], [-114.991911422521, 36.955305701675], [-114.986781355936, 36.9553799881374], [-114.985314659503, 36.9542334388502], [-114.982965014368, 36.9408517914165], [-114.978588918174, 36.9159169683585], [-114.967667219814, 36.853607008595], [-114.956928526244, 36.7922025884309], [-114.947356301359, 36.7895178665003], [-114.943403722194, 36.7668645412141], [-114.943350703625, 36.7665605859455], [-114.942731854226, 36.7630125860842], [-114.940905544219, 36.7525473497711], [-114.936915738869, 36.7296750822149], [-114.929234343689, 36.685592022926], [-114.926355452511, 36.6690531318625], [-114.925726736016, 36.6654423877961], [-114.925078507216, 36.6617192422108], [-114.924077117439, 36.655966742151], [-114.923387672137, 36.6520050744642], [-114.922119894149, 36.6447225735767], [-114.921913226837, 36.6423042402751], [-114.921915170791, 36.6403559074164], [-114.921923781143, 36.6329431286671], [-114.921932113916, 36.6255617382312], [-114.921940724268, 36.6180272927549], [-114.921948778563, 36.6110720147446], [-114.923492945705, 36.6111000697871], [-114.926146279797, 36.6117964584783], [-114.927935168684, 36.61216173657], [-114.929796003642, 36.6121581254538], [-114.933140447615, 36.6119189578541], [-114.933857948202, 36.6117911802243], [-114.934304893293, 36.611405625149], [-114.93465433704, 36.6108125691131], [-114.935370726411, 36.6100395140089], [-114.936329059038, 36.6092600687294], [-114.936703226218, 36.6092628463936], [-114.938374893944, 36.6098695134022], [-114.943514894998, 36.6116025682159], [-114.946964061871, 36.6123203464604], [-114.948990450947, 36.6128339571754], [-114.951519896581, 36.6131461790804], [-114.95233350792, 36.6131695133093], [-114.955577952334, 36.6145047903702], [-114.956656563987, 36.6149153458464], [-114.957705730662, 36.6155128458134], [-114.958781842303, 36.6165764570217], [-114.960026842609, 36.6172067347768], [-114.961611842672, 36.617802568022], [-114.96306351029, 36.61858117927], [-114.96625851143, 36.6211989572791], [-114.969713788644, 36.6234881241803], [-114.973659901736, 36.6257359022892], [-114.977131846291, 36.6276067348932], [-114.977174501894, 36.6276297179807], [-114.977171965052, 36.621948463678], [-114.977164948311, 36.6074493327171], [-114.977157125782, 36.5929506180606], [-114.977145468344, 36.578452737414], [-114.977146118725, 36.5639519117127], [-114.977148267495, 36.5494482798069], [-114.977150806134, 36.5349498712695], [-114.9771556229, 36.5204392405894], [-114.977145232088, 36.5130133328753], [-114.977132820065, 36.5059186558893], [-114.977167892091, 36.4914287724903], [-114.989190080572, 36.4914289703723], [-114.989179186703, 36.478905426931], [-114.989149850421, 36.4644035268788], [-114.989095149308, 36.4354005874348], [-114.989086004458, 36.4218074218102], [-114.989087392355, 36.4072937997931], [-114.989087371694, 36.4065394787299], [-114.989089222224, 36.3927842604262], [-114.989089259055, 36.3920408832608], [-114.989090109759, 36.378280470692], [-114.989090089098, 36.3775372325825], [-114.98909571884, 36.3637786806555], [-114.989088058905, 36.363035804577], [-114.989104384887, 36.3492791972509], [-114.989104503465, 36.3485305703803], [-114.989123468697, 36.3347891205845], [-115.080166430965, 36.3358325946559], [-115.089317716987, 36.3358428364023], [-115.098441563069, 36.3358605816196], [-115.098448085737, 36.3358631223361], [-115.107688248377, 36.3353024397015], [-115.116947879307, 36.3347339324903], [-115.125952980685, 36.3347727326995], [-115.134953838422, 36.3348110480409], [-115.143952893241, 36.3348527023035], [-115.152883424569, 36.3348889573634], [-115.161857209779, 36.3350407421367], [-115.170864080838, 36.3351862098653], [-115.179909928002, 36.3352063483453], [-115.188937809757, 36.335237451573], [-115.198167078529, 36.3352812143239], [-115.206997054241, 36.3353217242448], [-115.206833851913, 36.3426989343938], [-115.206820117571, 36.3500513810167], [-115.206737210257, 36.3574015273201], [-115.225518154053, 36.3566476336948], [-115.244161430133, 36.3571341316326], [-115.262467271145, 36.357061101792], [-115.262503653813, 36.3644020872326], [-115.262442089571, 36.3714202232256], [-115.26238050916, 36.3784383503137], [-115.27146502161, 36.3788867221498], [-115.280549644552, 36.3793344050457], [-115.289814132672, 36.3793512934357], [-115.299078629776, 36.3793674636444], [-115.306875001227, 36.3800940173482], [-115.310773040078, 36.380457084811], [-115.31443645874, 36.3807981796685], [-115.314436456943, 36.380798461727], [-115.314374166863, 36.3881824780422], [-115.314331850824, 36.3956334786344], [-115.314306049412, 36.4030861517169], [-115.314279456585, 36.4105074483106], [-115.314222771992, 36.4179041483793], [-115.314183746481, 36.4253150556782], [-115.323520069281, 36.4252857167011], [-115.332486287083, 36.4253380035356], [-115.341614267212, 36.4253908989426], [-115.350774213891, 36.4254310764425], [-115.359916427827, 36.4254984157215], [-115.369023817672, 36.4255708695488], [-115.378013780641, 36.4256043689132], [-115.386975587714, 36.4256311201106], [-115.387202879447, 36.4330013874089], [-115.387140656741, 36.4403010551302], [-115.386951032266, 36.4543385595413], [-115.387388156975, 36.4683169892599], [-115.387401629009, 36.4683758571684], [-115.387402687225, 36.4683763289032], [-115.405213693059, 36.468305984753], [-115.420953776736, 36.4668640795958], [-115.417516234961, 36.5075097414923], [-115.43760821332, 36.5074947034208], [-115.437620127676, 36.5231064110397], [-115.437631585687, 36.537605263099], [-115.455598871432, 36.5376073266281], [-115.473566353009, 36.5376098073378], [-115.491617334788, 36.5376140109029], [-115.491618789161, 36.5521115337877], [-115.491618330122, 36.5666088332679], [-115.509592640692, 36.566610026621], [-115.527568160394, 36.5666051933244], [-115.545544708667, 36.5665951392873], [-115.563522950265, 36.5665855275256], [-115.581498913735, 36.5665868052941], [-115.598488710279, 36.5665900722252], [-115.59846203301, 36.5738409965545], [-115.598795145385, 36.5810915243266], [-115.599093487569, 36.5878449280204], [-115.599462563099, 36.5955878888469], [-115.617423458228, 36.5955917755254], [-115.617517243242, 36.5955917913923], [-115.63545816523, 36.5955915952193], [-115.653405251456, 36.5955973282319], [-115.653628468432, 36.5955973311168], [-115.671406036276, 36.5955976333099], [-115.689364070271, 36.5955991868271], [-115.689464998688, 36.5955992019728], [-115.70736763358, 36.5956020176326], [-115.707539495667, 36.5956021366347], [-115.72536655709, 36.5956144335082], [-115.725430613258, 36.5956144363931], [-115.73967048975, 36.5956151605022], [-115.748910834749, 36.5957823357623], [-115.753530996019, 36.5958659304687], [-115.758151187832, 36.595949533018], [-115.76737615547, 36.5961396819976], [-115.77362681288, 36.59623195546], [-115.776607763454, 36.5962621629668], [-115.79159278888, 36.5964129551098], [-115.795072781443, 36.5964410183692], [-115.809559930894, 36.5964987329749], [-115.813538409387, 36.596515288485], [-115.827560212657, 36.5965575935487], [-115.832043511103, 36.596563920771], [-115.84558977321, 36.5967017586001], [-115.850536168456, 36.5967258024299], [-115.863487441317, 36.5967747338868], [-115.868790262016, 36.5967690752467], [-115.881512584854, 36.5969274535489], [-115.887260419267, 36.5969851237968], [-115.896543479157, 36.5970923310743], [-115.896519575886, 36.6125404254805], [-115.896497195259, 36.6270015808142], [-115.896474800259, 36.6414771025637], [-115.896452385496, 36.6559615382672], [-115.896429962648, 36.6704518864484], [-115.896407535308, 36.6849466203556], [-115.896384721693, 36.6996897977714], [-115.896362244947, 36.7142159216044], [-115.896339742149, 36.7287606208923], [-115.896317118977, 36.7433795959126], [-115.89629479674, 36.7578059935428], [-115.896272397249, 36.7722822538348], [-115.896249975299, 36.7867722648661], [-115.896227519214, 36.8012854353558], [-115.896205165536, 36.8157319435005], [-115.896182610636, 36.8303078601631], [-115.896164271529, 36.8421611216068], [-115.895473445516, 37.1922961254361], [-115.884880120919, 37.192317293834], [-115.880958458172, 37.1923231224594], [-115.866644942285, 37.1923515413853], [-115.862959693664, 37.1923703131987], [-115.848494371477, 37.1924266293267], [-115.844717573748, 37.1924461954449], [-115.830389415322, 37.1925106465256], [-115.826605172356, 37.1925115267209], [-115.8122915334, 37.1924590176828], [-115.808682779918, 37.1924498235702], [-115.800595758557, 37.192424557645], [-115.794262916976, 37.1923940670642], [-115.790417616419, 37.1923819081831], [-115.77654713346, 37.1923205770426], [-115.772366189075, 37.1922953575887], [-115.758480337739, 37.1921866895691], [-115.75370325606, 37.1921455341654], [-115.745303749438, 37.1920726471612], [-115.7368426121, 37.1921922799069], [-115.73682029705, 37.201349800146], [-115.719355833405, 37.201502528206], [-115.701120901808, 37.2014887293869], [-115.683008495924, 37.2014780065901], [-115.664858337443, 37.2014550791476], [-115.646738074894, 37.2014950581689], [-115.628328081411, 37.2015131257831], [-115.610253640128, 37.2015142319781], [-115.59207328927, 37.2014955726284], [-115.574044300045, 37.2014804314907], [-115.555801810023, 37.2014374000476], [-115.537659205475, 37.2014040717701], [-115.519600434404, 37.2015154841392], [-115.501342593072, 37.201472894908], [-115.483138461113, 37.2014236570273], [-115.465109994708, 37.2013964514638], [-115.44727189838, 37.2013622216104], [-115.429350240764, 37.2013174406473], [-115.410870854222, 37.2012759753909], [-115.393063684194, 37.201285823132], [-115.385228424674, 37.2012896569031], [-115.374890318635, 37.2012631782627], [-115.35671674287, 37.201221974858], [-115.349933941453, 37.2012110280645], [-115.338878313267, 37.2011533711573], [-115.320506750611, 37.2010587544885], [-115.316562283232, 37.2010342978413], [-115.303643444045, 37.201103343129], [-115.303643458418, 37.2020701214983], [-115.302102309615, 37.2020700778518], [-115.286025974848, 37.2020684464768], [-115.283990763419, 37.2020682668824], [-115.267898982121, 37.2020683026581], [-115.265862909207, 37.202068178874], [-115.249772160972, 37.2020683820803], [-115.24773459955, 37.2020682611583], [-115.231645562606, 37.2020684285888], [-115.229606308757, 37.2020683076668], [-115.21352088304, 37.2020681695723], [-115.211480155057, 37.2020680207451], [-115.195460733055, 37.202064604159], [-115.193425393166, 37.2020645662367], [-115.177885603255, 37.2020637562732], [-115.175126705439, 37.202063724075], [-115.172162243442, 37.2020635795409], [-115.172056330273, 37.2024984757264], [-115.171403471556, 37.2035163595529], [-115.171413009867, 37.2047239507076], [-115.171140630792, 37.2060569501572], [-115.171180721705, 37.2061421091127], [-115.171432019117, 37.2074931969171], [-115.17159936717, 37.2088615229357], [-115.171611030895, 37.2102228343131], [-115.171708764005, 37.2115931283339], [-115.171734145005, 37.2116787002805], [-115.171203202045, 37.2116768952651], [-115.169403264778, 37.2116711067668], [-115.168373195388, 37.2121221947806], [-115.167175212006, 37.2125862727626], [-115.166708972001, 37.2133832623611], [-115.165827788487, 37.2139870894347], [-115.164629342474, 37.2128995519204], [-115.164113536126, 37.2115470778376], [-115.163181083064, 37.2122381929022], [-115.163171524091, 37.2122632268388], [-115.16273784532, 37.2126016284431], [-115.16251189567, 37.2133494636124], [-115.162700339758, 37.2145747852024], [-115.162526416936, 37.2159638698631], [-115.163253113577, 37.2172816815911], [-115.164935416457, 37.217338418371], [-115.164009926237, 37.2179826969924], [-115.162263912142, 37.2183041796837], [-115.160554117221, 37.218673280253], [-115.16027086853, 37.2183897111121], [-115.15967098077, 37.2172445001664], [-115.15805959, 37.2166530086589], [-115.156519528158, 37.2165276108162], [-115.15485297005, 37.216299043526], [-115.154800275774, 37.2163075100534], [-115.154258218857, 37.216600979979], [-115.153204383637, 37.2176768666019], [-115.153283534197, 37.2185115054553], [-115.153321254456, 37.2198688284956], [-115.153330206167, 37.2212975789045], [-115.153240603709, 37.2227304067532], [-115.153147982912, 37.2229200641748], [-115.153258329267, 37.2229167801512], [-115.154453033797, 37.223780926919], [-115.154586626755, 37.2252255249939], [-115.154626741922, 37.226658658036], [-115.155208691224, 37.2273920411963], [-115.155174260596, 37.2274713344244], [-115.15412177824, 37.2286510517649], [-115.153729218054, 37.2290177706688], [-115.153574624281, 37.2294515230164], [-115.154116154786, 37.2308464311579], [-115.153988493404, 37.2319057307531], [-115.153857681631, 37.2333477092583], [-115.153186538604, 37.234632547343], [-115.153235562364, 37.234730285265], [-115.152879722612, 37.2356308646965], [-115.152768727674, 37.2370276159737], [-115.152851741888, 37.238492065852], [-115.152658226809, 37.2399157441123], [-115.151906129405, 37.2412328269509], [-115.151632670555, 37.2425566183068], [-115.151625703221, 37.2426321103999], [-115.150877670694, 37.2439523108845], [-115.15044049029, 37.2453217389816], [-115.149926089806, 37.2466512750803], [-115.149476152426, 37.2473246489768], [-115.149200274412, 37.2486109049386], [-115.148812042309, 37.2500252135438], [-115.148667907622, 37.250076374677], [-115.148135834581, 37.2514111833071], [-115.147678124079, 37.2528139115719], [-115.146711405679, 37.2539273729725], [-115.146165677348, 37.2553101599438], [-115.145398935608, 37.2567201900935], [-115.145923286731, 37.2580949944847], [-115.145013859287, 37.2592678364215], [-115.145137982205, 37.2605375137466], [-115.143686836508, 37.2608893787131], [-115.143115953552, 37.2622417792938], [-115.142098111131, 37.2633552364644], [-115.142064576123, 37.2634194661078], [-115.141417298638, 37.2646282407649], [-115.141957244515, 37.264458110604], [-115.143440131283, 37.2636884392984], [-115.145102629007, 37.2631197468448], [-115.146390914634, 37.2622852986723], [-115.14775978543, 37.2619105919315], [-115.14846280248, 37.2628151655181], [-115.147603528876, 37.2634245106776], [-115.14742749681, 37.2635191227522], [-115.146481094708, 37.2644917370248], [-115.146111235848, 37.26505883629], [-115.146380248038, 37.2654171479644], [-115.148118575249, 37.2656747905301], [-115.148847475457, 37.2658509768075], [-115.150320349604, 37.2650716233093], [-115.152017731605, 37.2655618329224], [-115.153403202369, 37.2662634910799], [-115.1546567735, 37.2671889545963], [-115.154773875186, 37.2672493820072], [-115.156494292685, 37.26769137295], [-115.157845046259, 37.2683846370877], [-115.159657907588, 37.2684162908147], [-115.160575006644, 37.2696316085768], [-115.160366924485, 37.2707105901122], [-115.160797093539, 37.2722289062717], [-115.16089882505, 37.272383580299], [-115.160742661921, 37.272437519872], [-115.160491892718, 37.2725247019414], [-115.159168625795, 37.2730025305739], [-115.15753019304, 37.2733730646512], [-115.156399641695, 37.2739810047955], [-115.155006977222, 37.2747669625668], [-115.154991137229, 37.2747764976256], [-115.154289387702, 37.275059485098], [-115.152709675122, 37.2752192907312], [-115.151530704584, 37.2750086933412], [-115.150053126858, 37.2750358144495], [-115.148376774418, 37.2751777531652], [-115.147547385069, 37.2751130596241], [-115.146421806798, 37.2752416474808], [-115.145327029961, 37.2755969241906], [-115.14526902754, 37.2756152714161], [-115.14373869086, 37.2763011036134], [-115.142530777501, 37.2764565777239], [-115.141054084616, 37.2769115726817], [-115.139361852657, 37.2774430671392], [-115.138102396662, 37.2782046150413], [-115.136774738775, 37.278840457195], [-115.136707949033, 37.2788650165566], [-115.135572827959, 37.2790708877227], [-115.134970787835, 37.2793668616513], [-115.133397283512, 37.2797602287323], [-115.132126700984, 37.2806623299325], [-115.131331338022, 37.2809559031339], [-115.130673508926, 37.281699171252], [-115.129664906576, 37.2828157264613], [-115.128743874695, 37.2832007394399], [-115.128756449312, 37.2816895184199], [-115.124192458798, 37.281654026293], [-115.124191090664, 37.278004196106]], [[-115.419815528626, 36.8424734851007], [-115.419815804409, 36.8423682322722], [-115.419770622743, 36.8536320798059], [-115.419815528626, 36.8424734851007]]]}}, {"type": "Feature", "properties": {"name": "Fallon National Wildlife Refuge", "orgcode": 84592, "source": "USFWS National Wildlife Refuge System Boundaries (gis-fws.opendata.arcgis.com)"}, "geometry": {"type": "MultiPolygon", "coordinates": [[[[-118.663391521715, 39.7384565794333], [-118.663402753351, 39.7239577558635], [-118.64462372117, 39.7239719045911], [-118.64459404802, 39.7384655864882], [-118.625676042871, 39.7384159312758], [-118.625719656976, 39.7239303890738], [-118.606830091591, 39.7239041222241], [-118.606819233654, 39.7383998015962], [-118.587899949304, 39.7383644772392], [-118.58794413923, 39.7238627172138], [-118.569072908459, 39.7237877850471], [-118.569176971098, 39.6947246968082], [-118.578608915967, 39.6947547066446], [-118.588018713771, 39.6947489771557], [-118.625735796109, 39.6945540892302], [-118.663122616425, 39.6947226445872], [-118.682129664381, 39.6947794058582], [-118.682334706642, 39.7239905505341], [-118.682243497996, 39.7384758749348], [-118.663391521715, 39.7384565794333]]], [[[-118.588055068591, 39.7963790773299], [-118.588088131983, 39.810889017801], [-118.569122514328, 39.8108847042887], [-118.569077250915, 39.7963599091714], [-118.588055068591, 39.7963790773299]]], [[[-118.587939421278, 39.7818821110258], [-118.568980013676, 39.7818431687872], [-118.568943667839, 39.767327260356], [-118.587897943366, 39.7673782011353], [-118.587939421278, 39.7818821110258]]], [[[-118.587899949304, 39.7383644772392], [-118.587888326901, 39.7528707613595], [-118.56893054525, 39.7528095753402], [-118.568955691789, 39.7382945157967], [-118.587899949304, 39.7383644772392]]], [[[-118.607008554498, 39.7963800256607], [-118.588055068591, 39.7963790773299], [-118.587939421278, 39.7818821110258], [-118.606898050939, 39.7818835006856], [-118.607008554498, 39.7963800256607]]], [[[-118.606827440662, 39.7673895023533], [-118.587897943366, 39.7673782011353], [-118.587888326901, 39.7528707613595], [-118.606810579285, 39.7528948099074], [-118.606827440662, 39.7673895023533]]], [[[-118.625885423994, 39.796397835506], [-118.625937613417, 39.810912919802], [-118.607023053307, 39.8109001352204], [-118.607008554498, 39.7963800256607], [-118.625885423994, 39.796397835506]]], [[[-118.644788351819, 39.7964332833236], [-118.625885423994, 39.796397835506], [-118.625753094068, 39.7818975560597], [-118.644682750366, 39.7819498605277], [-118.644788351819, 39.7964332833236]]], [[[-118.644609844894, 39.7674549944184], [-118.625696349288, 39.7674025829567], [-118.625676883694, 39.7529069685064], [-118.644584441436, 39.7529595180777], [-118.644609844894, 39.7674549944184]]], [[[-118.625753094068, 39.7818975560597], [-118.606898050939, 39.7818835006856], [-118.606827440662, 39.7673895023533], [-118.625696349288, 39.7674025829567], [-118.625753094068, 39.7818975560597]]], [[[-118.625676883694, 39.7529069685064], [-118.606810579285, 39.7528948099074], [-118.606819233654, 39.7383998015962], [-118.625676042871, 39.7384159312758], [-118.625676883694, 39.7529069685064]]], [[[-118.663391521715, 39.7384565794333], [-118.663359272197, 39.7529511786874], [-118.644584441436, 39.7529595180777], [-118.64459404802, 39.7384655864882], [-118.663391521715, 39.7384565794333]]], [[[-118.644682750366, 39.7819498605277], [-118.644609844894, 39.7674549944184], [-118.663373585054, 39.767436938172], [-118.663383314707, 39.7819386963168], [-118.644682750366, 39.7819498605277]]], [[[-118.6448644517, 39.810937760264], [-118.644788351819, 39.7964332833236], [-118.663395238944, 39.7964400665757], [-118.663380356555, 39.8109393529019], [-118.6448644517, 39.810937760264]]]]}}, {"type": "Feature", "properties": {"name": "Moapa Valley National Wildlife Refuge", "orgcode": 84553, "source": "USFWS National Wildlife Refuge System Boundaries (gis-fws.opendata.arcgis.com)"}, "geometry": {"type": "Polygon", "coordinates": [[[-114.717311263266, 36.7155245889198], [-114.717239132142, 36.7145682733416], [-114.717195498274, 36.7139897543186], [-114.717168271236, 36.7138174584005], [-114.717113122762, 36.7136495051363], [-114.717031004169, 36.7134887908808], [-114.717030827201, 36.7134885013921], [-114.717030732878, 36.7134883472863], [-114.716952044052, 36.7133740683334], [-114.716859653223, 36.713266582131], [-114.71638359014, 36.71276754464], [-114.716282219752, 36.7126612832481], [-114.716148989714, 36.7125351202034], [-114.716130948848, 36.712520201992], [-114.716042816932, 36.7124473276835], [-114.715581683849, 36.7120660189886], [-114.71545115235, 36.7119731014514], [-114.715304789841, 36.7118968347843], [-114.713522531419, 36.7111136549946], [-114.712924609172, 36.7109310812011], [-114.712924354051, 36.7109310027053], [-114.712810555471, 36.7109314693592], [-114.711982845971, 36.7109340013885], [-114.711648855942, 36.7109353991897], [-114.710502748471, 36.7109411063374], [-114.708253190032, 36.7109529181512], [-114.708352636229, 36.7073095276894], [-114.710602128193, 36.7073048767744], [-114.711749267828, 36.7073024886613], [-114.711749320828, 36.7073005484994], [-114.714195930115, 36.7072858121972], [-114.71636791364, 36.7072710571675], [-114.716355770214, 36.7079060185235], [-114.716343514499, 36.7085469116918], [-114.716341745716, 36.7086394567252], [-114.716333036549, 36.709095850716], [-114.718650526489, 36.709084115674], [-114.718636044748, 36.7099984634377], [-114.718624370243, 36.710775211445], [-114.718622240337, 36.7109128852983], [-114.720946397573, 36.7109049565009], [-114.720907349604, 36.7132858238148], [-114.720894481238, 36.7140704519392], [-114.720868300737, 36.7156666908022], [-114.717334625752, 36.7156669500383], [-114.717311263266, 36.7155245889198]], [[-114.719331812394, 36.7147155437781], [-114.719075967709, 36.714712437226], [-114.719065272367, 36.7153306249276], [-114.719576818904, 36.7153366478743], [-114.719583808695, 36.714924115264], [-114.719328073605, 36.7149212621982], [-114.719331812394, 36.7147155437781]]]}}, {"type": "Feature", "properties": {"name": "Pahranagat National Wildlife Refuge", "orgcode": 84551, "source": "USFWS National Wildlife Refuge System Boundaries (gis-fws.opendata.arcgis.com)"}, "geometry": {"type": "MultiPolygon", "coordinates": [[[[-115.068973021877, 37.2133350824706], [-115.06672984956, 37.2133041746677], [-115.062117091306, 37.2133924761017], [-115.062125687285, 37.2098156745395], [-115.057534194849, 37.2098705052748], [-115.057548994593, 37.2080810927969], [-115.055261006226, 37.2081038679804], [-115.055279199805, 37.2063099991281], [-115.052994605273, 37.2063283167215], [-115.048425413514, 37.2063647794655], [-115.048482156497, 37.2027503080998], [-115.048173455839, 37.202751569542], [-115.048199371337, 37.1989157225095], [-115.048223717478, 37.1953147652111], [-115.048238414814, 37.1916838465849], [-115.050495276557, 37.1916897904731], [-115.055025016106, 37.191687324468], [-115.059554758349, 37.1916846845687], [-115.064073206973, 37.191681826407], [-115.064065204781, 37.1953288277763], [-115.068591819989, 37.1953180869306], [-115.068595565066, 37.1989390542907], [-115.073129369491, 37.1988418030684], [-115.073135039657, 37.2026536034287], [-115.075767687345, 37.202641491277], [-115.075783751917, 37.2062274425482], [-115.080294628641, 37.2062264101164], [-115.080294560369, 37.2098328193884], [-115.084789312334, 37.2098520833713], [-115.084853827542, 37.2134860034816], [-115.08937463065, 37.2133331859225], [-115.089386882772, 37.2166117449805], [-115.093920157192, 37.2166094693646], [-115.093873814903, 37.2201953055461], [-115.098411775833, 37.2202086230952], [-115.098375976172, 37.2237786865696], [-115.098339482114, 37.2274351000395], [-115.10289920563, 37.2273978950089], [-115.102873898292, 37.231019706321], [-115.107444271336, 37.2309662227369], [-115.112014638092, 37.2309125624501], [-115.111927638053, 37.2346286480366], [-115.11184061376, 37.2383447306833], [-115.111797227827, 37.240198143849], [-115.114070276313, 37.24018785064], [-115.114027999799, 37.2420436427977], [-115.116302182857, 37.242035674749], [-115.11621990077, 37.2457519872088], [-115.118496379922, 37.2457487256327], [-115.118454528311, 37.2493886511038], [-115.118489234722, 37.2493886403778], [-115.120760762361, 37.2493869070564], [-115.120748681817, 37.2530283914531], [-115.120402268087, 37.2565724029318], [-115.120229048646, 37.2583444083528], [-115.122455842877, 37.2583163431761], [-115.122295179189, 37.2600893514211], [-115.124534519292, 37.2600622613922], [-115.124448226228, 37.2636415655582], [-115.12436192418, 37.2672208676187], [-115.12427582605, 37.2707876166874], [-115.124189720733, 37.2743543626376], [-115.124191090664, 37.278004196106], [-115.124192458798, 37.281654026293], [-115.128756449312, 37.2816895184199], [-115.128743874695, 37.2832007394399], [-115.128695512993, 37.2890121684088], [-115.128690835466, 37.2926720445035], [-115.133257544282, 37.2926988019192], [-115.133265951614, 37.2963807548145], [-115.133241270402, 37.3000584272023], [-115.133216585596, 37.3037359211976], [-115.137746315263, 37.3038193642139], [-115.137704663977, 37.3073038308084], [-115.137663009097, 37.3107882931225], [-115.133177260946, 37.3107652174462], [-115.133202571878, 37.3144618387517], [-115.128693922975, 37.3144237807817], [-115.128288243793, 37.3144203621435], [-115.126985249151, 37.3130897577756], [-115.126880355571, 37.312981519623], [-115.12677687504, 37.3128724168134], [-115.126674818339, 37.3127624622037], [-115.126574196247, 37.3126516657924], [-115.126475020443, 37.3125400418652], [-115.12637729991, 37.3124276018499], [-115.12628104902, 37.3123143557455], [-115.126186274063, 37.3122003178378], [-115.126092987614, 37.3120855009835], [-115.126001199555, 37.311969915896], [-115.12591091797, 37.3118535761472], [-115.125822154539, 37.3117364931648], [-115.125734918243, 37.3116186805205], [-115.125649218067, 37.3115001510715], [-115.125565064789, 37.3113809169604], [-115.125482465597, 37.311260991759], [-115.125401428576, 37.3111403868958], [-115.125321965402, 37.311019116657], [-115.125244084162, 37.3108971939001], [-115.125167789347, 37.3107746329117], [-115.12513659445, 37.3107235808975], [-115.125093093532, 37.3106514451203], [-115.125020004804, 37.3105276440982], [-115.124948526755, 37.310403242703], [-115.124878672861, 37.3102782566505], [-115.124810444916, 37.3101526980841], [-115.124743855499, 37.3100265784328], [-115.124678907304, 37.3098999155561], [-115.124615610213, 37.3097727194542], [-115.124553970513, 37.3096450058431], [-115.124493993595, 37.3095167875813], [-115.124435686645, 37.309388078956], [-115.124379057747, 37.3092588935402], [-115.124324109598, 37.3091292449069], [-115.124270850281, 37.3089991473438], [-115.124219285188, 37.3088686165676], [-115.124169420604, 37.3087376647224], [-115.12416988144, 37.3089312226109], [-115.121909645625, 37.3089119475116], [-115.121903855983, 37.3071171088151], [-115.121892282089, 37.3035273164676], [-115.121890690274, 37.3026188032436], [-115.120757407153, 37.3025990120421], [-115.120754961939, 37.3016915523127], [-115.119620825418, 37.3016728262912], [-115.1196142228, 37.2998600565959], [-115.119601019362, 37.2962343353896], [-115.118473480967, 37.2962233638008], [-115.118482013166, 37.2944168916568], [-115.117352030455, 37.2944081151744], [-115.117358114744, 37.2926038506056], [-115.117353977104, 37.2889896649498], [-115.119632484652, 37.2889940745906], [-115.118171849153, 37.2889911164864], [-115.118169465922, 37.2886572780637], [-115.118220371653, 37.2883258988613], [-115.118444242601, 37.2873755625533], [-115.118547125753, 37.2867449455802], [-115.118547162583, 37.2867444888793], [-115.118559202703, 37.2860843466183], [-115.11855175028, 37.2859737732025], [-115.118545787263, 37.2859055124822], [-115.118544944643, 37.2858966406638], [-115.118740692035, 37.2852820611808], [-115.119217367769, 37.2838022032919], [-115.119249306471, 37.28370040497], [-115.119279653358, 37.2835982963125], [-115.11930840304, 37.2834958923276], [-115.119335547433, 37.2833932080239], [-115.119361086537, 37.283290263413], [-115.119385014062, 37.2831870699298], [-115.119407327316, 37.2830836468713], [-115.1194280245, 37.2829800092464], [-115.119447098428, 37.2828761742082], [-115.119464547304, 37.2827721553361], [-115.119480372027, 37.2826679697834], [-115.11949456451, 37.2825636361327], [-115.119507126551, 37.282459167964], [-115.119518055454, 37.2823545838602], [-115.119527349424, 37.2822498981159], [-115.119535005765, 37.2821451278848], [-115.119541024478, 37.2820402888912], [-115.119545404663, 37.2819353982891], [-115.119548144525, 37.2818304732323], [-115.119549245859, 37.2817255265865], [-115.119548705972, 37.2816205790795], [-115.119546731475, 37.2815117667103], [-115.119542975619, 37.2814029827743], [-115.119537438403, 37.2812942487146], [-115.119530119829, 37.2811855816856], [-115.11952102259, 37.2810769995568], [-115.119510147585, 37.2809685237716], [-115.119497499306, 37.2808601700555], [-115.119483074159, 37.2807519577075], [-115.119466879331, 37.2806439045975], [-115.119448916619, 37.2805360314548], [-115.119429188717, 37.2804283547197], [-115.11940769832, 37.280320893692], [-115.119384451717, 37.2802136669567], [-115.119359448009, 37.2801066916694], [-115.119332697079, 37.279999987845], [-115.119304200721, 37.2798935726391], [-115.119273964327, 37.2797874646374], [-115.119241991489, 37.2796816817105], [-115.119208290293, 37.2795762417293], [-115.119172864332, 37.2794711639944], [-115.119135719893, 37.2793664649472], [-115.119096865062, 37.2792621646033], [-115.119056307025, 37.2791582786896], [-115.119014049376, 37.2790548243625], [-115.118970101097, 37.2789518237824], [-115.118924470274, 37.2788492898171], [-115.118877164093, 37.2787472417679], [-115.118828193334, 37.2786456967916], [-115.118777559793, 37.278544673475], [-115.118725277843, 37.2784441882602], [-115.118671354672, 37.2783442575895], [-115.118615800159, 37.2782448993352], [-115.118558624188, 37.2781461313691], [-115.118499833046, 37.2780479708487], [-115.118450016074, 37.277967509248], [-115.118449884021, 37.2779670675046], [-115.11840455593, 37.2778946665718], [-115.118373812887, 37.2779069489097], [-115.116129373047, 37.2743193474175], [-115.115155539092, 37.2727623560082], [-115.115134013661, 37.2733420220511], [-115.115746566769, 37.274321346082], [-115.118028756511, 37.2779693848708], [-115.118220156955, 37.2779683305478], [-115.118035758879, 37.2780419958813], [-115.118070644953, 37.2780977598432], [-115.118130032576, 37.2781943077254], [-115.118187806825, 37.2782914787825], [-115.118243955124, 37.2783892572867], [-115.118298469387, 37.2784876239364], [-115.118351337936, 37.2785865615743], [-115.118402555382, 37.2786860544727], [-115.118452106453, 37.2787860833302], [-115.11849998576, 37.2788866317046], [-115.118546186115, 37.2789876795798], [-115.11859069584, 37.2790892105137], [-115.118633511344, 37.2791912066349], [-115.118674620946, 37.279293649357], [-115.118714020156, 37.2793965215234], [-115.118751699991, 37.2794998038335], [-115.11878765506, 37.2796034769862], [-115.118821879076, 37.2797075238255], [-115.118854364851, 37.2798119257655], [-115.118885107895, 37.2799166649353], [-115.118914101021, 37.280021720605], [-115.118941341534, 37.2801270770482], [-115.118966821348, 37.2802327149649], [-115.118990538668, 37.2803386129105], [-115.119012489002, 37.2804447551591], [-115.119032668757, 37.2805511209812], [-115.119051068949, 37.2806576917919], [-115.11906769407, 37.2807644497211], [-115.119082537832, 37.2808713747546], [-115.119095598438, 37.2809784490223], [-115.119106870498, 37.2810856517955], [-115.119116355809, 37.2811929659194], [-115.119124049879, 37.2813003706652], [-115.119129953607, 37.2814078488782], [-115.119134064298, 37.2815153798302], [-115.119136381053, 37.2816229442222], [-115.119136896686, 37.2817288509332], [-115.119135672282, 37.2818347532065], [-115.119132710537, 37.2819406338882], [-115.119128010551, 37.2820464751092], [-115.119121573224, 37.282152256142], [-115.119113402148, 37.2822579619768], [-115.119103495527, 37.2823635733157], [-115.119091857853, 37.2824690708608], [-115.119078488226, 37.2825744381731], [-115.119063389343, 37.2826796559551], [-115.119046565694, 37.2827847063387], [-115.119028018179, 37.282889570741], [-115.119007752186, 37.2829942334383], [-115.118985769513, 37.2830986729892], [-115.118962075549, 37.2832028743849], [-115.118936672989, 37.2833068168987], [-115.118909564529, 37.283410486237], [-115.118880758252, 37.2835138609586], [-115.118850257754, 37.2836169260549], [-115.118818067524, 37.2837196622295], [-115.118362560589, 37.2851568604145], [-115.117983564964, 37.2847937725113], [-115.117570630089, 37.2860500694414], [-115.117444380859, 37.286434155326], [-115.117103716347, 37.2877018408191], [-115.116908119872, 37.2889887808776], [-115.115075152451, 37.2889851309526], [-115.115095894551, 37.2852920058749], [-115.11509641737, 37.2816461224738], [-115.110556364264, 37.2816721683357], [-115.110561407406, 37.2780103061727], [-115.110566451446, 37.2743484395595], [-115.110716499743, 37.2708172113131], [-115.110860399072, 37.267430526689], [-115.112968962436, 37.2708019303967], [-115.114498953265, 37.2707915498659], [-115.112298924337, 37.2672739637377], [-115.110958123198, 37.2651302565474], [-115.110941575332, 37.2655198525012], [-115.108696515656, 37.2655402625626], [-115.108777162809, 37.2637758116606], [-115.109667316, 37.2637670194508], [-115.10820524679, 37.2602551394689], [-115.107261677975, 37.2579886712937], [-115.107227458451, 37.2579085128589], [-115.107173110376, 37.2577890979967], [-115.107115807742, 37.2576706360241], [-115.107033964932, 37.2575143931174], [-115.106959564663, 37.257383095201], [-115.106889222983, 37.2572662599113], [-115.106852827739, 37.2572081618001], [-115.106803968371, 37.2571330082014], [-115.106791364109, 37.2575552912176], [-115.105672589678, 37.2575631089076], [-115.105698064103, 37.2566558710823], [-115.106169591592, 37.2566532627711], [-115.102542462173, 37.2478341304071], [-115.102548514123, 37.2475770038881], [-115.101406631429, 37.2475608944794], [-115.101448454294, 37.2457428718149], [-115.100305652624, 37.2457251094149], [-115.100386696832, 37.2420539064327], [-115.098100910236, 37.2420367138421], [-115.098181768493, 37.2383836667476], [-115.09790884414, 37.2383837926177], [-115.097772583186, 37.2382282127297], [-115.097666314284, 37.2381097185714], [-115.097526031573, 37.2379569294459], [-115.097427220485, 37.2378520303588], [-115.09732718679, 37.2377478777705], [-115.097225934979, 37.237644478836], [-115.097123475833, 37.2375418414252], [-115.097019817436, 37.2374399776994], [-115.096914970567, 37.2373388955287], [-115.096808942414, 37.2372386027832], [-115.096701743756, 37.2371391094786], [-115.096593383577, 37.2370404234852], [-115.094067129657, 37.2347616177029], [-115.093697904109, 37.2344285415424], [-115.093694291085, 37.234590948056], [-115.089938336965, 37.2312024744552], [-115.089206671743, 37.2305424353189], [-115.089198448565, 37.2312138760811], [-115.084625876445, 37.2312843435411], [-115.08019165476, 37.2312296885835], [-115.080285770354, 37.2275877023446], [-115.080379882355, 37.2239457118761], [-115.080381567594, 37.2236562827028], [-115.08070372771, 37.2239469808324], [-115.084668735067, 37.2275244249409], [-115.084682746989, 37.2262951628964], [-115.083472895964, 37.2252036133341], [-115.084689681085, 37.2256867828026], [-115.085694666817, 37.2254583198024], [-115.087678655411, 37.2250665109909], [-115.08778983091, 37.2275774016916], [-115.087822030124, 37.2283045938679], [-115.089240218429, 37.2278033855791], [-115.08995038517, 37.2275523420802], [-115.093123380281, 37.2264306114144], [-115.093836554581, 37.2259641687351], [-115.096294816814, 37.2243556630471], [-115.09613698731, 37.2237799140408], [-115.095623777094, 37.2226165428284], [-115.094896502836, 37.2223592866508], [-115.093889388096, 37.2217886591778], [-115.093597428443, 37.2216231920903], [-115.092265257419, 37.2213990116343], [-115.090589235559, 37.2211654224356], [-115.090474539562, 37.2181197020466], [-115.089494235042, 37.2168903875801], [-115.08941793304, 37.2168982774491], [-115.087586167564, 37.2170876755473], [-115.086804687166, 37.2179029116318], [-115.086094036233, 37.2172875462036], [-115.085457091171, 37.2165994462095], [-115.084806021897, 37.2154789726846], [-115.083809099443, 37.2142610208055], [-115.083755804193, 37.2134746714316], [-115.083703485413, 37.2127027344749], [-115.083703359649, 37.2127008758278], [-115.083700238003, 37.2127009588159], [-115.082391149191, 37.2127356406762], [-115.082001444749, 37.2129194847465], [-115.08137120561, 37.2132167945781], [-115.081133017313, 37.2133291567412], [-115.080457363845, 37.2134876317482], [-115.080319218226, 37.2135200339609], [-115.07998381335, 37.2135987022], [-115.075830857774, 37.2139576291585], [-115.072853710666, 37.2142148424501], [-115.07284905919, 37.2142388448394], [-115.072782309873, 37.2145832454847], [-115.072844231644, 37.2146987154376], [-115.073505331506, 37.2159315087615], [-115.07358414879, 37.2160784806746], [-115.074787318146, 37.2168473205705], [-115.075787346975, 37.2171046978457], [-115.075886349404, 37.217237140424], [-115.076538184042, 37.2181091304084], [-115.07943408482, 37.218456860555], [-115.080409214146, 37.2189057962669], [-115.080799464763, 37.2190854605105], [-115.08182412899, 37.219920392808], [-115.083901530695, 37.2203290532052], [-115.083897226867, 37.2203348646455], [-115.083151619791, 37.2213413229394], [-115.083823595556, 37.2220632982901], [-115.083318023714, 37.2230700239389], [-115.083209676111, 37.2239567927108], [-115.083098599426, 37.2248658726871], [-115.082086129829, 37.2239523942827], [-115.080388759507, 37.22242063058], [-115.080390430373, 37.2221333758651], [-115.07812419471, 37.2221244621981], [-115.078134743627, 37.2203120416493], [-115.078052026755, 37.2203117140225], [-115.075879868059, 37.2183512061004], [-115.075872677943, 37.2195869420584], [-115.076669623738, 37.2203062259153], [-115.07586850976, 37.2203030447872], [-115.071272531138, 37.2203364612893], [-115.071274802079, 37.2168473205705], [-115.071273178823, 37.2154355908136], [-115.072837306531, 37.2168473205705], [-115.074213532733, 37.2168473198551], [-115.071271747807, 37.2141920347718], [-115.07127280153, 37.2151070314039], [-115.069004492556, 37.2150914115384], [-115.068973021877, 37.2133350824706]]], [[[-115.08913887499, 37.2348008574344], [-115.089191944762, 37.2316055034685], [-115.092702238397, 37.2347724666521], [-115.08913887499, 37.2348008574344]]], [[[-115.093609831482, 37.2383857736413], [-115.093670804632, 37.2356461506027], [-115.095822368552, 37.2375869556168], [-115.095928673386, 37.2376838086097], [-115.096033790647, 37.2377814875073], [-115.096137708657, 37.2378799837241], [-115.096240418434, 37.2379792858143], [-115.096389142614, 37.2381269149184], [-115.096541196849, 37.2382819414724], [-115.096638974874, 37.2383843776276], [-115.093609831482, 37.2383857736413]]], [[[-115.102420275125, 37.2530261069257], [-115.102483750981, 37.2503289177287], [-115.103593089508, 37.2530263486066], [-115.105087345355, 37.2566592487309], [-115.102337066875, 37.2566744624476], [-115.102420275125, 37.2530261069257]]], [[[-115.106537725687, 37.2637978565242], [-115.106700197685, 37.2604776915269], [-115.106788514653, 37.2606602180705], [-115.106878427928, 37.260842247276], [-115.10696992673, 37.2610237705676], [-115.107063012855, 37.2612047765097], [-115.107157678218, 37.2613852593864], [-115.107253918327, 37.2615652084771], [-115.107351731387, 37.2617446173512], [-115.107451108414, 37.2619234745733], [-115.107552047611, 37.2621017722829], [-115.10765454269, 37.2622795011899], [-115.107758589159, 37.2624566555785], [-115.107864182527, 37.262633223299], [-115.107971316506, 37.2628091979209], [-115.108079985706, 37.2629845694394], [-115.108576052474, 37.2637777719986], [-115.106537725687, 37.2637978565242]]], [[[-115.124169458334, 37.3143856420596], [-115.124172960865, 37.3116345118688], [-115.124256291286, 37.3117590726978], [-115.12434116052, 37.3118829681461], [-115.124427558688, 37.3120061867853], [-115.124515478601, 37.3121287179017], [-115.124604912176, 37.3122505479237], [-115.124695849531, 37.3123716661377], [-115.12478828258, 37.3124920596868], [-115.124882200545, 37.312611717143], [-115.124977596238, 37.3127306270783], [-115.125074459778, 37.3128487780648], [-115.125172782183, 37.3129661579604], [-115.12527255357, 37.3130827553371], [-115.125373762261, 37.3131985580529], [-115.125476401969, 37.3133135568234], [-115.125580459218, 37.3134277380776], [-115.125685924128, 37.3135410939601], [-115.125792790409, 37.3136536087567], [-115.125901041892, 37.3137652753266], [-115.126528008468, 37.3144055244661], [-115.124169458334, 37.3143856420596]]], [[[-115.130650730345, 37.314535276169], [-115.130566754934, 37.3144396165403], [-115.130820626918, 37.3144417591722], [-115.130824163585, 37.3144457879486], [-115.13089860338, 37.3145459657371], [-115.130920046166, 37.3146278006825], [-115.130919447888, 37.3147276367233], [-115.130849439483, 37.314882857823], [-115.130700303874, 37.3150596897879], [-115.130571067746, 37.3151933397839], [-115.130533294486, 37.3153079747104], [-115.130440918929, 37.3156388671085], [-115.13037532215, 37.3158902879165], [-115.130297054635, 37.3161867192669], [-115.130218564337, 37.3163547413795], [-115.130157313607, 37.316485861422], [-115.130086595533, 37.3166051338742], [-115.130050016135, 37.316642099094], [-115.13003564309, 37.3166566219818], [-115.12990385395, 37.3165240340855], [-115.129910162818, 37.3165176592357], [-115.12996707199, 37.3164216763497], [-115.130068749602, 37.3162040170965], [-115.130098347294, 37.3161406569533], [-115.130173381773, 37.3158564758444], [-115.130239222893, 37.3156041240109], [-115.130332764464, 37.3152690576963], [-115.130382187974, 37.3151190678265], [-115.130532918092, 37.3149631899263], [-115.130664003852, 37.3148077589456], [-115.130713293513, 37.3146984766027], [-115.130713616907, 37.3146444701577], [-115.130703675251, 37.3146065258772], [-115.130650730345, 37.314535276169]]]]}}, {"type": "Feature", "properties": {"name": "Ruby Lake National Wildlife Refuge", "orgcode": 84570, "source": "USFWS National Wildlife Refuge System Boundaries (gis-fws.opendata.arcgis.com)"}, "geometry": {"type": "Polygon", "coordinates": [[[-115.395190427663, 40.2749583051945], [-115.395236793308, 40.2713386906753], [-115.395302965906, 40.2677104089617], [-115.395369165455, 40.2640821265984], [-115.395435365901, 40.2604538724123], [-115.395501565449, 40.2568255909136], [-115.404978375777, 40.2569143564188], [-115.405005963938, 40.2533864611077], [-115.409737773221, 40.2534518018296], [-115.409759524129, 40.2498220464879], [-115.414484747864, 40.2498851082071], [-115.41453404561, 40.2462440106607], [-115.414583344254, 40.2426029133547], [-115.419369317458, 40.2426190581197], [-115.424155289764, 40.2426351672246], [-115.428941291714, 40.2426512920968], [-115.429007062765, 40.2390271654862], [-115.424224421413, 40.2390044381826], [-115.424293498265, 40.2353737009649], [-115.42436260027, 40.231742574982], [-115.42443170497, 40.2281114216473], [-115.42449633606, 40.224463351835], [-115.424560994099, 40.22081525429], [-115.42462562429, 40.2171667668591], [-115.42469025538, 40.2135182805311], [-115.424747858949, 40.2098761273965], [-115.424805490366, 40.2062339733739], [-115.424863092139, 40.2025914315367], [-115.424920695708, 40.1989488881549], [-115.424974326029, 40.195311095727], [-115.4250279294, 40.1916733311568], [-115.425081558823, 40.1880351497939], [-115.425135162194, 40.1843969681835], [-115.429874074457, 40.18442432703], [-115.434612987618, 40.1844516865518], [-115.43466372716, 40.1808138370991], [-115.434714441549, 40.1771759607371], [-115.434765182888, 40.1735380842665], [-115.434815895481, 40.1699002070363], [-115.439530387941, 40.1699195637903], [-115.444244883096, 40.1699389212252], [-115.444251925888, 40.1662837661933], [-115.444258944425, 40.1626576375879], [-115.444265960268, 40.1590272887132], [-115.444272977907, 40.1553969379667], [-115.444304634537, 40.1517654215669], [-115.44433626332, 40.148133877148], [-115.444367920849, 40.144501942855], [-115.444399549632, 40.1408700382512], [-115.444427704629, 40.1372460494914], [-115.444455862322, 40.1336220597504], [-115.444484020015, 40.1299954041332], [-115.444512175911, 40.1263687480071], [-115.444526415106, 40.1227572329817], [-115.444540951644, 40.1190716654946], [-115.444554896192, 40.1155325048272], [-115.44456910754, 40.1119192654804], [-115.444594236113, 40.1083040540013], [-115.444619337737, 40.1046888420678], [-115.444644467209, 40.1010714645689], [-115.444669596681, 40.0974540589682], [-115.444711227306, 40.093846292865], [-115.444752854338, 40.090238525175], [-115.444794484963, 40.0866302026757], [-115.444836078758, 40.083022817468], [-115.454130231045, 40.083098146135], [-115.456194472431, 40.0830925679167], [-115.456194917996, 40.0830926290874], [-115.456364907095, 40.0831161454395], [-115.460633206354, 40.0831504065129], [-115.460925681641, 40.0831542176507], [-115.463749979504, 40.0831910430597], [-115.4656568639, 40.0831973422583], [-115.467875336139, 40.0832081797654], [-115.473192091505, 40.0832503056779], [-115.473193696795, 40.08325010842], [-115.475108855573, 40.0832705545063], [-115.475184890775, 40.0796240861092], [-115.47996211888, 40.0796879384901], [-115.480037582754, 40.0760559861421], [-115.484814540465, 40.0761196287805], [-115.484889766286, 40.0724877081472], [-115.489666655725, 40.0725457248565], [-115.489741516829, 40.0689191978213], [-115.489792784581, 40.0652912230265], [-115.489844091858, 40.0616632970234], [-115.489895374881, 40.0580353057195], [-115.489946679464, 40.0544073591554], [-115.494019410095, 40.0544661359344], [-115.49407682412, 40.0508394337692], [-115.494134257009, 40.0472127758679], [-115.494249112008, 40.0399594066456], [-115.498905496944, 40.0400243340159], [-115.503632374477, 40.040058594757], [-115.503582667997, 40.0436957638979], [-115.508277339131, 40.0437502929998], [-115.508231800834, 40.0473927081232], [-115.512930582658, 40.0474523230335], [-115.517624289899, 40.047476020171], [-115.52231791719, 40.0474936657997], [-115.526999247443, 40.0475139912753], [-115.526966982653, 40.0511241196241], [-115.526932969741, 40.0547680392031], [-115.527046231129, 40.0583781944983], [-115.5271399856, 40.062048127818], [-115.531875921744, 40.0620494499261], [-115.532005718421, 40.0656870289967], [-115.532124653568, 40.0693244324041], [-115.531918536923, 40.0729439008093], [-115.536568351581, 40.0729617536294], [-115.536331686826, 40.0765896120178], [-115.536159246224, 40.0802173039501], [-115.535985473421, 40.0838723277464], [-115.539425486461, 40.0839077561672], [-115.539425468495, 40.0839094256263], [-115.539387285604, 40.0875045449394], [-115.539387262248, 40.0875064507301], [-115.539341239759, 40.0911034197791], [-115.539295141812, 40.0947060543257], [-115.539249043865, 40.0983087180562], [-115.534531985816, 40.0983059838558], [-115.534485998362, 40.1019051478207], [-115.534439838431, 40.1055180596025], [-115.534398737812, 40.1091916945695], [-115.534357611141, 40.1128652183878], [-115.53431503459, 40.1164442710365], [-115.529596953361, 40.1164383974043], [-115.529554400166, 40.1200104764212], [-115.529511840682, 40.1235825553088], [-115.529469287487, 40.1271546635689], [-115.52942435196, 40.1307541596641], [-115.529372722188, 40.1343461549108], [-115.524609334427, 40.1343460566994], [-115.51984597092, 40.1343457936574], [-115.519846036497, 40.13780934428], [-115.519846102973, 40.1412728969152], [-115.51979958641, 40.1449598907034], [-115.515068590102, 40.1449984041818], [-115.515024657095, 40.1486471780943], [-115.510296271291, 40.1486472742251], [-115.510254921838, 40.1522578234237], [-115.510213599335, 40.1558683749869], [-115.505495992416, 40.1558398861944], [-115.500775857638, 40.155811231925], [-115.500733646701, 40.1594285608877], [-115.500691216575, 40.1630404151857], [-115.500661237997, 40.1655939406074], [-115.500651891925, 40.1663958825599], [-115.500648923891, 40.1666476050027], [-115.500606186542, 40.170259487096], [-115.495881720087, 40.1702339086306], [-115.49586554053, 40.1738529305749], [-115.49114062941, 40.1738330999577], [-115.491124363615, 40.1774580104173], [-115.49111546131, 40.1810968929028], [-115.495836927392, 40.1811035014865], [-115.495824496505, 40.1847349948284], [-115.495790750393, 40.1922149555696], [-115.495774127069, 40.1959544200695], [-115.495773597961, 40.196073808843], [-115.495757531592, 40.1996938876342], [-115.500484500753, 40.1996941641457], [-115.500386018449, 40.2069432211521], [-115.495587999735, 40.206925430258], [-115.490932060364, 40.2069279014445], [-115.490882821906, 40.2105450339161], [-115.490833583449, 40.2141621942405], [-115.490812458667, 40.2177799654354], [-115.490791332986, 40.2213977650279], [-115.490770206407, 40.2250155367364], [-115.490749079828, 40.2286333065923], [-115.490673980671, 40.2322521622447], [-115.490598880615, 40.2358709884279], [-115.49052377966, 40.2394898145982], [-115.490448681401, 40.2431086420917], [-115.490395749071, 40.2467401356339], [-115.490342793385, 40.2503716558113], [-115.490293733692, 40.2539914194707], [-115.490244667712, 40.2576112130051], [-115.485808257731, 40.2576052343557], [-115.485829472345, 40.2539845807804], [-115.48113164004, 40.2539771840247], [-115.481174160896, 40.2503554196509], [-115.476448938958, 40.2503470249217], [-115.476407025363, 40.2539695377159], [-115.476365117159, 40.2575914685837], [-115.471647421306, 40.2575840441149], [-115.466870612715, 40.2575703133015], [-115.462093804124, 40.25755655712], [-115.461701302328, 40.2720310477653], [-115.459433665294, 40.2719864624701], [-115.459433471257, 40.2719987626684], [-115.459150916066, 40.2898885732945], [-115.456688982419, 40.2899081486322], [-115.456642624859, 40.2935292158484], [-115.456701687292, 40.2971696704968], [-115.456760720979, 40.300810043426], [-115.452029435413, 40.300809835153], [-115.447259923837, 40.300781987546], [-115.442490441007, 40.3007541680169], [-115.437720931227, 40.3007263203869], [-115.432951448397, 40.3006984713751], [-115.428237382637, 40.3005624310933], [-115.42352328813, 40.3004263891673], [-115.418809221472, 40.3002903483376], [-115.414095153915, 40.300154307919], [-115.414064851045, 40.2966310776712], [-115.414034549074, 40.2931078493883], [-115.409290262191, 40.2930936708225], [-115.404545948359, 40.2930793230126], [-115.399806718092, 40.2930647812917], [-115.395067487826, 40.2930500470301], [-115.395059436226, 40.2894336266797], [-115.395051412474, 40.2858172327789], [-115.395097750271, 40.2821975896471], [-115.395144088069, 40.2785779480209], [-115.395190427663, 40.2749583051945]], [[-115.531788124002, 40.0729180918554], [-115.53185142828, 40.0722318409324], [-115.528734421568, 40.0722390890984], [-115.528674590176, 40.0729236647205], [-115.531788124002, 40.0729180918554]]]}}, {"type": "Feature", "properties": {"name": "Sheldon National Wildlife Refuge", "orgcode": 14621, "source": "USFWS National Wildlife Refuge System Boundaries (gis-fws.opendata.arcgis.com)"}, "geometry": {"type": "MultiPolygon", "coordinates": [[[[-119.377483395776, 41.5845656270354], [-119.382378993088, 41.5846375075561], [-119.382436874237, 41.5884999179889], [-119.382486462139, 41.5924512441483], [-119.387407734201, 41.5926453966949], [-119.387868590603, 41.5968157469671], [-119.382976712316, 41.596660420501], [-119.383457025328, 41.6008522928414], [-119.388320099136, 41.6009672324513], [-119.393183171148, 41.6010820072784], [-119.392760526383, 41.596970850697], [-119.39232901884, 41.5928395775463], [-119.397250310665, 41.5930337302686], [-119.402171613269, 41.5932278824068], [-119.407092897009, 41.5934220930819], [-119.412014194224, 41.5936163031727], [-119.416935524677, 41.593810486478], [-119.421856842553, 41.5940046967438], [-119.426782250459, 41.5942007129461], [-119.431707669144, 41.5943967574412], [-119.436633099507, 41.5945928020128], [-119.441243323614, 41.594776334148], [-119.441246560244, 41.594810596593], [-119.441391601331, 41.598460730672], [-119.441393198536, 41.5984947117032], [-119.441539878151, 41.6021450989085], [-119.44153983593, 41.602178799901], [-119.441688156766, 41.6058294932305], [-119.44168647512, 41.6058629155594], [-119.441831795584, 41.6095139109076], [-119.441833113412, 41.609547029753], [-119.441918111106, 41.6132136460494], [-119.442003137546, 41.6168802903318], [-119.44208813524, 41.6205469068185], [-119.442173133832, 41.6242135230074], [-119.442211241265, 41.6278563057645], [-119.442249375647, 41.6314990895058], [-119.442287482181, 41.6351418446518], [-119.442325617462, 41.6387846282344], [-119.442395977108, 41.6424391613982], [-119.442466335856, 41.6460936947344], [-119.442536694604, 41.6497482275335], [-119.442607025504, 41.6534027610995], [-119.442667743533, 41.6570714871592], [-119.442728464256, 41.6607402156506], [-119.442789184979, 41.6644089438502], [-119.442849903007, 41.6680776710481], [-119.442833898622, 41.6717949817453], [-119.442817923882, 41.6755122918273], [-119.442801920395, 41.6792296301038], [-119.44278591601, 41.6829469415164], [-119.442784411332, 41.686569195914], [-119.442782905755, 41.6901914248259], [-119.442781400179, 41.6938136812103], [-119.442779867653, 41.697435937525], [-119.4427793628, 41.701057804723], [-119.442778830099, 41.7046796731614], [-119.442778298296, 41.7083015676159], [-119.442777765595, 41.7119234350677], [-119.442776983163, 41.7155461901202], [-119.442776171984, 41.7191689468334], [-119.442775389551, 41.7227916756684], [-119.442774580169, 41.7264144308982], [-119.442775130836, 41.7300364381651], [-119.442775652758, 41.733658443675], [-119.442776176476, 41.7372804500716], [-119.442776698397, 41.7409024553067], [-119.442776415427, 41.7445242676509], [-119.442776133356, 41.7481461069293], [-119.442775843201, 41.7517679623773], [-119.44277554496, 41.7553898051385], [-119.442774107655, 41.759011371828], [-119.442772670351, 41.7626329371807], [-119.442771260894, 41.7662545024995], [-119.44276982359, 41.7698760677468], [-119.447607751756, 41.7698860679749], [-119.452445678126, 41.7698960688714], [-119.457283605395, 41.7699060416269], [-119.462121533561, 41.7699160418503], [-119.466952100034, 41.7699125974482], [-119.47178266471, 41.7699091811854], [-119.476613232081, 41.7699057354429], [-119.481443796758, 41.7699022923802], [-119.486297447238, 41.7698969599541], [-119.491151097719, 41.7698916255175], [-119.496004774251, 41.7698862930905], [-119.500858423833, 41.7698809606631], [-119.505710765469, 41.7698982121597], [-119.510563133155, 41.7699154649917], [-119.515415472994, 41.7699327432785], [-119.520267813731, 41.7699499961013], [-119.525117904188, 41.7699658593678], [-119.529967966797, 41.7699817219605], [-119.534818055458, 41.7699975858892], [-119.539668147712, 41.770013448474], [-119.544577349112, 41.7700216718787], [-119.549486581054, 41.7700299240917], [-119.554386892725, 41.7700377602427], [-119.55874819187, 41.7700447347914], [-119.558836627417, 41.7736659339951], [-119.563708273847, 41.7737316015564], [-119.568579921176, 41.7737971029038], [-119.568646910344, 41.7774197462863], [-119.57350783628, 41.777485775774], [-119.573564104054, 41.7811087239275], [-119.568713872562, 41.7810420015048], [-119.563863671612, 41.7809752508779], [-119.563785958356, 41.7773535237969], [-119.558925033319, 41.7772871049555], [-119.559013467967, 41.7809083052488], [-119.559101874767, 41.7845295046902], [-119.559131863226, 41.7881544541011], [-119.559161824736, 41.7917794035008], [-119.559191785347, 41.7954043528514], [-119.559221745959, 41.7990293027849], [-119.559240705801, 41.8026803633766], [-119.55925966744, 41.8063314235194], [-119.559278629079, 41.8099824845142], [-119.55929758982, 41.8136335443134], [-119.564169071859, 41.8136812396037], [-119.569040526949, 41.8137289341889], [-119.573912010784, 41.8137766555197], [-119.578783465874, 41.8138243513729], [-119.583638087433, 41.813846601793], [-119.583597347039, 41.8102177355142], [-119.58845152483, 41.8102423192836], [-119.588492708993, 41.8138688234156], [-119.593347330552, 41.8138910738202], [-119.598201952112, 41.8139132954274], [-119.603061628492, 41.8139297691387], [-119.60792130577, 41.8139462696269], [-119.612780982149, 41.8139627413212], [-119.617640659427, 41.8139792150199], [-119.622471918501, 41.8139912417211], [-119.627303178473, 41.8140032704286], [-119.632134465395, 41.8140152984643], [-119.636965725367, 41.8140273271674], [-119.641789262523, 41.814041578024], [-119.646612799679, 41.8140558007574], [-119.651436335936, 41.8140700502687], [-119.656259844346, 41.8140842716568], [-119.661083160516, 41.8140790232479], [-119.665906473093, 41.81407377283], [-119.670731567029, 41.8140686636815], [-119.675030699163, 41.8140641082302], [-119.675068027756, 41.8176806931027], [-119.675105327603, 41.8212972786025], [-119.670788917273, 41.8213053896566], [-119.670760227778, 41.8176870539049], [-119.665932246657, 41.8176940252791], [-119.665957990576, 41.8213142504935], [-119.665983762343, 41.8249342516331], [-119.666009533212, 41.8285542549469], [-119.67084623967, 41.8285416988282], [-119.670845705172, 41.8321662564746], [-119.670845143725, 41.835790730034], [-119.670845803987, 41.8394126211335], [-119.675170159916, 41.8394045652449], [-119.675166902625, 41.8430292619834], [-119.675165957597, 41.8450054425404], [-119.675170564158, 41.8466353755752], [-119.675179362258, 41.8502573220273], [-119.675206775247, 41.8538800744385], [-119.675234185541, 41.8575027983025], [-119.67523606841, 41.8611261044136], [-119.675237952177, 41.8647494119472], [-119.675239835046, 41.8683727201963], [-119.675241690067, 41.8719960277853], [-119.675236850843, 41.87563164076], [-119.675232009821, 41.8792672529391], [-119.675227172394, 41.882902866291], [-119.675222332271, 41.8865384787711], [-119.67521849377, 41.8901675909607], [-119.675214625624, 41.8937967323641], [-119.675210786225, 41.897425845434], [-119.675206918079, 41.9010549588878], [-119.670391459473, 41.9010407675245], [-119.665544470898, 41.9010265199943], [-119.660697510171, 41.901012246385], [-119.655850521597, 41.9009979988485], [-119.651000339511, 41.9010028342791], [-119.646150155629, 41.9010076697094], [-119.641299999595, 41.9010125071452], [-119.636449818408, 41.9010173425747], [-119.631596274827, 41.9010268175283], [-119.626742703398, 41.9010362650673], [-119.621889158918, 41.9010457119362], [-119.617035614439, 41.9010551581351], [-119.612194849393, 41.9010554957859], [-119.607354084346, 41.9010558026804], [-119.602513317503, 41.9010561403311], [-119.597672552457, 41.9010564478942], [-119.592819480491, 41.901056090185], [-119.587966434577, 41.901055759889], [-119.583113392256, 41.9010554008425], [-119.57826032029, 41.9010550705465], [-119.573410803856, 41.9010256835561], [-119.568561259575, 41.9009963259712], [-119.563711715293, 41.9009669396224], [-119.558862171012, 41.9009375820106], [-119.55885124121, 41.9045733093748], [-119.558840285356, 41.9082090369641], [-119.558829354656, 41.9118447640714], [-119.558818397905, 41.9154804913272], [-119.558799357214, 41.9191085525123], [-119.558780289574, 41.9227366126367], [-119.558761248883, 41.9263646729996], [-119.563614349595, 41.9263783086811], [-119.563594114144, 41.9300049523153], [-119.563547406241, 41.9336237620941], [-119.563500726186, 41.937242462789], [-119.558647540134, 41.9372266890681], [-119.558600220478, 41.9408436671873], [-119.558552873873, 41.944460671336], [-119.558535027043, 41.948104898073], [-119.558517181112, 41.9517491262787], [-119.55849933518, 41.955393380632], [-119.558481489249, 41.9590376089853], [-119.558460086887, 41.962677446122], [-119.558438658474, 41.9663173131279], [-119.558417257011, 41.9699571518526], [-119.558395826802, 41.9735969889766], [-119.558375202381, 41.9772206065212], [-119.558354549214, 41.9808442229031], [-119.558333925692, 41.9844678387522], [-119.558313301271, 41.9880914553661], [-119.558304455561, 41.9917038492525], [-119.558295637698, 41.995316242433], [-119.558295586494, 41.9957688795768], [-119.555691444147, 41.9957710219781], [-119.553509038368, 41.9957728572729], [-119.548612580469, 41.995776928436], [-119.545980176225, 41.99577889592], [-119.543716545677, 41.9957805930167], [-119.538820381527, 41.9957842382361], [-119.536269630549, 41.9957863525968], [-119.534463902742, 41.9957878821201], [-119.533932023737, 41.9957876057243], [-119.529043694693, 41.9957850560738], [-119.526452885142, 41.9957838376625], [-119.524155614483, 41.9957825905436], [-119.519267533374, 41.9957437081916], [-119.516636668842, 41.995778683616], [-119.514855220701, 41.9957778524258], [-119.514304535465, 41.995776742837], [-119.511841892149, 41.9957717256525], [-119.511839446934, 41.9970061707741], [-119.511824359729, 42.0006467810059], [-119.511809273422, 42.0042871816224], [-119.511793348089, 42.0079114001268], [-119.511777423654, 42.0115354088322], [-119.511770695272, 42.0151717351954], [-119.511763989349, 42.0188078750185], [-119.511739776159, 42.0224424322137], [-119.511715562968, 42.0260768023482], [-119.506858597704, 42.0260689094675], [-119.506897433671, 42.0224349586405], [-119.502071295892, 42.0224275311132], [-119.502108502315, 42.0187941856978], [-119.502138117973, 42.0151606073147], [-119.502167732733, 42.0115268193233], [-119.502185939787, 42.0079052778591], [-119.502204145943, 42.0042835262095], [-119.502227219171, 42.0006450353062], [-119.502250291501, 41.9970063350061], [-119.502252177065, 41.995752215711], [-119.499416327765, 41.9957463830231], [-119.497457565661, 41.9957424831033], [-119.494314654231, 41.9957362201315], [-119.49407672375, 41.9957357554658], [-119.489213146885, 41.9957491426426], [-119.487499606888, 41.9957539401809], [-119.484111952153, 41.9957630932902], [-119.479010762811, 41.9957768977254], [-119.477554492226, 41.9957809468567], [-119.477540942038, 41.9957807485728], [-119.474642887999, 41.9957742072061], [-119.474429490508, 41.9957737351968], [-119.471886516245, 41.995767934223], [-119.469848176882, 41.9957638363544], [-119.467033603282, 41.9957573637511], [-119.465268464952, 41.9957510987778], [-119.4606887117, 41.9957348735358], [-119.457330849592, 41.995726514894], [-119.455787428051, 41.9957232976178], [-119.455010785979, 41.9957216959897], [-119.450886120148, 41.9956777843913], [-119.447634685944, 41.9956440934201], [-119.44598548688, 41.995625273763], [-119.44108483295, 41.9955693088005], [-119.437940176094, 41.9955368295116], [-119.436475142443, 41.9955226384693], [-119.43534953812, 41.995511846305], [-119.431647217915, 41.9954586819339], [-119.428245991434, 41.9954100774076], [-119.426822975582, 41.9953887734422], [-119.4219988123, 41.9953164927933], [-119.418559582591, 41.9952673300214], [-119.417044529847, 41.9952459318727], [-119.415742493708, 41.995227516013], [-119.412090218647, 41.9951616944929], [-119.408829005382, 41.9951032321877], [-119.407139465674, 41.9950715698401], [-119.402188698328, 41.9949787845501], [-119.399105414371, 41.9949236495529], [-119.397273223992, 41.9948909375986], [-119.396109232861, 41.9948701689004], [-119.392357772115, 41.9947911465725], [-119.389349622351, 41.9947283055855], [-119.387445723056, 41.9946868294986], [-119.382533690167, 41.9945798543981], [-119.379600659323, 41.9945186061817], [-119.377662523436, 41.9944778977398], [-119.376241814458, 41.9944480256826], [-119.372791356706, 41.9944127050262], [-119.369896479109, 41.994383113346], [-119.367916596714, 41.994362812496], [-119.365042611236, 41.994333380358], [-119.36304182774, 41.9943129386206], [-119.360134843548, 41.9942832060222], [-119.358181940256, 41.9942632603241], [-119.356600775999, 41.9942471174899], [-119.355077877369, 41.9942249986158], [-119.353322013246, 41.9941994707683], [-119.350204172898, 41.9941371986939], [-119.348461597553, 41.9941197372386], [-119.343601163894, 41.9940580372543], [-119.340455738079, 41.9940122624569], [-119.338756492973, 41.9939875356938], [-119.336982625714, 41.9939617393591], [-119.33391184451, 41.9939537530286], [-119.330751261421, 41.9939455103226], [-119.329066218679, 41.9939411105626], [-119.324220594646, 41.9939284220267], [-119.32104545885, 41.9939201566176], [-119.317423590863, 41.9939107034719], [-119.313138854232, 41.9939181082915], [-119.311199352007, 41.9939214611903], [-119.301351126039, 41.9939384119539], [-119.297811819515, 41.9939445596006], [-119.293716515119, 41.9939303341535], [-119.291636242398, 41.9939231162751], [-119.286778580042, 41.9939062135777], [-119.281920940143, 41.9938893102082], [-119.278223798725, 41.9938764580896], [-119.277019829869, 41.9938730824885], [-119.274354478115, 41.9938655614939], [-119.272118814816, 41.9938592289025], [-119.267217402709, 41.9938453993485], [-119.262315968143, 41.9938315464241], [-119.258390605236, 41.9938204642159], [-119.25747378825, 41.9938244460398], [-119.254933977854, 41.9938354581447], [-119.252631560747, 41.9938454474188], [-119.247788916425, 41.9938664260912], [-119.242946457156, 41.993887404089], [-119.238584304612, 41.9939063337533], [-119.238037734559, 41.9939032138609], [-119.235500136713, 41.993881747154], [-119.233137510024, 41.9938623521353], [-119.223194522573, 41.9936806522363], [-119.218765733001, 41.9936358566029], [-119.2183143673, 41.993633527189], [-119.215898051001, 41.9936183008721], [-119.213402804229, 41.9936024916971], [-119.203525847443, 41.9934985338717], [-119.199056662429, 41.9934673581081], [-119.198637869641, 41.9934653792027], [-119.196404464706, 41.9934567184865], [-119.193761277984, 41.9934469628278], [-119.184055661364, 41.9934430751186], [-119.179510177941, 41.9934232386514], [-119.179161606458, 41.9934215621889], [-119.177060844962, 41.9934123419781], [-119.174259939229, 41.9934005613375], [-119.164443853185, 41.993375991234], [-119.159883202607, 41.9933594676154], [-119.159577915548, 41.9933592586416], [-119.157640297989, 41.9933590730354], [-119.154697295846, 41.9933599570014], [-119.144949093691, 41.9933894810572], [-119.140137810454, 41.9934016122148], [-119.140086144749, 41.9934015895148], [-119.13824697985, 41.9934031664983], [-119.135221284192, 41.9934082860196], [-119.125504122424, 41.9934706703042], [-119.120443881885, 41.9934810168266], [-119.120417187548, 41.9934810722413], [-119.118843954517, 41.9934855728478], [-119.115561832964, 41.9934981927044], [-119.10584620462, 41.9935714882369], [-119.101195225745, 41.9935911864553], [-119.100993757881, 41.9935920477182], [-119.099412812813, 41.9935997550182], [-119.096143544355, 41.9936184043571], [-119.086427678856, 41.9937039610419], [-119.081550503294, 41.9937246613533], [-119.081522621384, 41.9937228333435], [-119.079957178543, 41.9937232726533], [-119.076676897638, 41.9937198269415], [-119.066874492936, 41.9936603638475], [-119.061992662304, 41.9936317719499], [-119.06180982011, 41.9936320049581], [-119.057112437861, 41.9936369415262], [-119.056572060793, 41.9936409453938], [-119.047313385671, 41.9935876753071], [-119.042427038311, 41.9935868140442], [-119.042028851078, 41.9935898177819], [-119.037541318873, 41.9935897710467], [-119.033752698417, 41.9935931947333], [-119.032651734883, 41.9935910529263], [-119.027762150892, 41.9935815529964], [-119.022886467433, 41.9935782948854], [-119.022186950219, 41.9935817406049], [-119.01801399545, 41.9935765249566], [-119.014252057653, 41.9935733122452], [-119.013143899511, 41.9935752217121], [-119.008216597059, 41.9935654667393], [-119.005710105177, 41.9935663754052], [-119.00214374499, 41.993564000589], [-119.000841033318, 41.9935550134072], [-118.995964208997, 41.9935073761822], [-118.994763710333, 41.9934991808213], [-118.991095509041, 41.9934668640494], [-118.986238824051, 41.993421741786], [-118.982538631955, 41.993390357011], [-118.981388286233, 41.993388727283], [-118.976532159097, 41.9933665627105], [-118.9752865147, 41.9933646999727], [-118.972574549366, 41.993357249021], [-118.971685579256, 41.9933552240444], [-118.966802483797, 41.9933279432712], [-118.961921576634, 41.99330124067], [-118.957038764144, 41.9932745380575], [-118.955814244529, 41.9932707231116], [-118.952161673024, 41.9932554646607], [-118.947299841586, 41.993228762029], [-118.94243610033, 41.9932020607214], [-118.937574268892, 41.9931753567321], [-118.93634021366, 41.9931715431155], [-118.934247851412, 41.993163913211], [-118.932721972172, 41.9931410254949], [-118.927848695299, 41.993072360962], [-118.922975419325, 41.9930075119846], [-118.918102141553, 41.9929388479752], [-118.913228865579, 41.9928701838918], [-118.908491010633, 41.992801520402], [-118.908378477779, 41.992801520402], [-118.903526181059, 41.9927328561705], [-118.903419368677, 41.9927290418597], [-118.898677699485, 41.9927443004368], [-118.893827313482, 41.992755744701], [-118.889036050998, 41.9927671882955], [-118.88886820438, 41.9927671902985], [-118.884004465819, 41.9927786325556], [-118.883516184749, 41.9927786345586], [-118.879136910316, 41.9927710052746], [-118.874269355711, 41.9927633746544], [-118.869567739702, 41.9927519310592], [-118.869399893983, 41.9927519310592], [-118.864530433153, 41.9927404881296], [-118.863973485762, 41.992736674487], [-118.859664783875, 41.9927290445303], [-118.854795322147, 41.992717600929], [-118.850093707935, 41.9927061573255], [-118.849927768441, 41.9927061573255], [-118.845058307611, 41.99269471372], [-118.844356402676, 41.9926947143877], [-118.84019266013, 41.9926832707801], [-118.835323198402, 41.9926756408171], [-118.830621582393, 41.9926641972061], [-118.830453734877, 41.9926641972061], [-118.825584273149, 41.9926527535931], [-118.82471070735, 41.9926527535931], [-118.820724348835, 41.992641309978], [-118.8158625156, 41.9926260513762], [-118.811167926213, 41.9926217790472], [-118.806143614693, 41.9926166521185], [-118.801287162367, 41.9926109490023], [-118.796426705352, 41.9926083411384], [-118.791888019481, 41.9926090194768], [-118.786671100181, 41.9926099021179], [-118.776665155202, 41.9925660838474], [-118.773787468664, 41.9925523822026], [-118.773627771563, 41.9925516210742], [-118.773627573035, 41.9923360764909], [-118.77362233945, 41.9866276386603], [-118.773591803019, 41.9720793378973], [-118.77357457962, 41.9577893832117], [-118.773576250486, 41.953836260339], [-118.773589292228, 41.9502135948119], [-118.773641222038, 41.9465376785296], [-118.773700532406, 41.9431242223329], [-118.773757694902, 41.9391364035703], [-118.773825253602, 41.9356770558376], [-118.773886806165, 41.931685713238], [-118.773953176393, 41.9282301751911], [-118.77401730802, 41.9242350494653], [-118.774083612671, 41.920783554086], [-118.774149196873, 41.9167843858528], [-118.774215126927, 41.9130590523712], [-118.779029912695, 41.912823207438], [-118.783844669717, 41.9125873897101], [-118.783775432067, 41.9162712777167], [-118.77896231447, 41.9165279282234], [-118.778894716245, 41.9202325389057], [-118.78370616567, 41.9199551656493], [-118.788517616892, 41.9196775706084], [-118.793329066317, 41.9193997811857], [-118.798151297322, 41.9193536572896], [-118.798087837636, 41.9229906845772], [-118.802919207203, 41.922939309093], [-118.802864913027, 41.9265713092043], [-118.802803619178, 41.9302050313005], [-118.807644377936, 41.9301451573725], [-118.807705504698, 41.9265167679621], [-118.807755215669, 41.9228887677141], [-118.807804927539, 41.9192606560827], [-118.802973502277, 41.9193073087696], [-118.803032569201, 41.9153563674088], [-118.803091637923, 41.9114054542011], [-118.798282939139, 41.911760576166], [-118.798360513155, 41.9082823798235], [-118.793565644834, 41.908474698352], [-118.793657078957, 41.9048336981263], [-118.788843348709, 41.905027822833], [-118.788935284092, 41.9013657125132], [-118.784122053307, 41.9015385030514], [-118.784214485458, 41.897855281281], [-118.779401782883, 41.8980070730921], [-118.774589078511, 41.8981588645424], [-118.774663705155, 41.8944335607747], [-118.77471863444, 41.8909928344652], [-118.774812984494, 41.8869829520573], [-118.77488761024, 41.8832576478583], [-118.774894345808, 41.883257554226], [-118.779696203023, 41.8831904386012], [-118.7845047985, 41.8831232025213], [-118.789313392181, 41.8830559931228], [-118.794121957116, 41.8829887562326], [-118.794051442061, 41.8866294778824], [-118.798811391071, 41.8863236041224], [-118.80357131403, 41.8860175095404], [-118.808346575723, 41.8863001583927], [-118.813090808707, 41.886580807719], [-118.813241521757, 41.8831510815733], [-118.808416061308, 41.8823766881433], [-118.80364904615, 41.8817954306112], [-118.803671567812, 41.8787487312655], [-118.798896144423, 41.8790483828994], [-118.794120721034, 41.8793478130789], [-118.794119457105, 41.8757068698214], [-118.789309056013, 41.8757390503348], [-118.784498628871, 41.8757710107704], [-118.779686199384, 41.8758027752081], [-118.774888638811, 41.8758342473299], [-118.774873742049, 41.8758343456552], [-118.77486680975, 41.8721226802239], [-118.774859876552, 41.8684110159946], [-118.775374318359, 41.8684113745556], [-118.7796761661, 41.8684144163034], [-118.78023002688, 41.8684148042985], [-118.784492456547, 41.8684177617576], [-118.785454560301, 41.8684184822243], [-118.789304719845, 41.8684213854977], [-118.790679092823, 41.8684224083329], [-118.794116954398, 41.8684250078996], [-118.795903597497, 41.8684263090209], [-118.798932411208, 41.8684284644001], [-118.801128130019, 41.8684300692277], [-118.803747841967, 41.8684318386187], [-118.805568153024, 41.8684332220215], [-118.80856021486, 41.868435461689], [-118.809779497297, 41.8684364029113], [-118.8133726165, 41.8684391135243], [-118.814340052653, 41.8684500262157], [-118.818430863676, 41.8684962350509], [-118.818624540451, 41.8684984292272], [-118.823876464403, 41.8685578003985], [-118.832764703048, 41.8686607438795], [-118.844017225774, 41.868766539612], [-118.852171153658, 41.8688935683798], [-118.863423176921, 41.869054168847], [-118.871575936995, 41.8691887253952], [-118.882828710351, 41.8693812158363], [-118.886985496343, 41.8694523402424], [-118.892238641105, 41.8695119058598], [-118.897491788562, 41.8695714734285], [-118.902214159248, 41.8696249007015], [-118.902741989546, 41.8696308997945], [-118.907992191427, 41.8696903535319], [-118.913241363839, 41.8697498928388], [-118.918490537149, 41.8698094307523], [-118.921585604307, 41.8698444478737], [-118.923740238669, 41.8698688863305], [-118.928989968037, 41.8699284234643], [-118.934238611341, 41.8699879899759], [-118.93946222848, 41.870064681962], [-118.944306479888, 41.8701194714519], [-118.944718620652, 41.8701241359649], [-118.949964992117, 41.8701834246847], [-118.955216582794, 41.8702427541547], [-118.960468172573, 41.8703020976174], [-118.963685341439, 41.8703097823687], [-118.964306595628, 41.8703112526927], [-118.968144991734, 41.8703204204765], [-118.973617175407, 41.8703334727761], [-118.973618124927, 41.8495995819165], [-118.973618302793, 41.8450517345692], [-118.973618482456, 41.8414314964329], [-118.973618832799, 41.8341868509375], [-118.97362220238, 41.8196897372241], [-118.973623306409, 41.8051998344308], [-118.973627842901, 41.7943226633973], [-118.973629300867, 41.7906967768122], [-118.973636197233, 41.7761935677208], [-118.973639950395, 41.7689404774054], [-118.973641820687, 41.7653139319058], [-118.973643676606, 41.7616873857818], [-118.969912434242, 41.7616873871219], [-118.963681716737, 41.7616873978431], [-118.944334563919, 41.7616873904723], [-118.944334549546, 41.754375842777], [-118.944334544156, 41.7494778091985], [-118.94433460075, 41.7398886341124], [-118.944334623208, 41.734656768088], [-118.944334766938, 41.7254004641388], [-118.94433482443, 41.719509216976], [-118.944334894499, 41.7158890664292], [-118.944335004992, 41.7122688889978], [-118.944335003195, 41.7109164741056], [-118.944335047212, 41.7086487946976], [-118.94433514423, 41.7050286722498], [-118.944335143332, 41.7014075914235], [-118.944335156807, 41.697786495825], [-118.944335141535, 41.696433942624], [-118.944335129857, 41.6941654572624], [-118.944335118179, 41.690544405347], [-118.944389269523, 41.6867270066745], [-118.944443145982, 41.682909622338], [-118.9443051935, 41.6819360004912], [-118.944337317255, 41.6791532953185], [-118.944347426895, 41.6783871795463], [-118.94438759686, 41.6753386682378], [-118.944413595002, 41.6747684340646], [-118.944558889415, 41.671527765988], [-118.944576075085, 41.6711449128035], [-118.944729783118, 41.6677168595612], [-118.944738706084, 41.6675213620379], [-118.944901908411, 41.6639022828204], [-118.945065126908, 41.6602832297023], [-118.945073310561, 41.6601040416176], [-118.945193409924, 41.6566673182886], [-118.945203674973, 41.6563740452836], [-118.945319790308, 41.6530513790401], [-118.945334109454, 41.6526440188441], [-118.94544643839, 41.6494317664651], [-118.945572992149, 41.645812125711], [-118.945699925895, 41.642190422042], [-118.945719782257, 41.6416237409767], [-118.945827101289, 41.6385686907016], [-118.945953768235, 41.6349438124235], [-118.946080486386, 41.6313189330458], [-118.946207560269, 41.6276939371131], [-118.946227266612, 41.627132142493], [-118.946334856037, 41.6240689374565], [-118.946461699053, 41.6204407375556], [-118.946588572612, 41.6168125309585], [-118.946715775853, 41.6131862936112], [-118.946735307024, 41.6126289154766], [-118.946843204571, 41.6095600525493], [-118.946970354811, 41.6059330272982], [-118.946977710217, 41.605723745749], [-118.947144017122, 41.6023059875706], [-118.947176900851, 41.6016290147433], [-118.94732020819, 41.5986811092718], [-118.947625020041, 41.5975208683419], [-118.947625034414, 41.5963042031805], [-118.951203840759, 41.5963043348527], [-118.955635882233, 41.596304506161], [-118.956033222354, 41.5963045195969], [-118.960464587396, 41.5963046351459], [-118.960860661792, 41.5963046479101], [-118.965291689965, 41.5963047789105], [-118.965688085059, 41.5963047916746], [-118.970118781755, 41.5963048803518], [-118.970513454778, 41.5963048649005], [-118.974943220819, 41.5963046196946], [-118.975338809226, 41.5963045914792], [-118.979767671561, 41.5963044013606], [-118.980163247392, 41.5963043872529], [-118.984591152123, 41.5963041561547], [-118.984787849034, 41.5962806842377], [-118.989213183686, 41.5962926912675], [-118.989609859054, 41.5962927382932], [-118.994038964833, 41.5962926899238], [-118.994434679004, 41.5962926899238], [-118.998876180636, 41.5962903446803], [-118.998877460735, 41.598569844221], [-118.998884258287, 41.6021986973833], [-118.994056120859, 41.6022031697986], [-118.989234244688, 41.6022073809084], [-118.989227223456, 41.6058309790259], [-118.989220208512, 41.6094513149068], [-118.994056622119, 41.609447971383], [-118.998893035726, 41.6094446278589], [-119.003727276308, 41.6094421642095], [-119.008561517789, 41.6094397019033], [-119.008552384617, 41.6058162903378], [-119.00853974083, 41.6021917953], [-119.003709029728, 41.6021951855497], [-119.003701703068, 41.59858101178], [-119.003695382522, 41.5962904844141], [-119.004090882894, 41.5962902143517], [-119.007594682608, 41.5962906637839], [-119.008523727461, 41.5962889150962], [-119.012921676073, 41.5963118193418], [-119.01351997112, 41.5963133053564], [-119.018071189388, 41.5963245223471], [-119.018346205019, 41.5963252989441], [-119.023196689836, 41.5963371689189], [-119.027998894699, 41.5963489005016], [-119.028370413646, 41.596349955222], [-119.032831333261, 41.5959868045537], [-119.037353145177, 41.5956187201287], [-119.037663742178, 41.595593526128], [-119.041843759502, 41.5952533188206], [-119.042496014552, 41.5952002359006], [-119.046334389098, 41.5948878334829], [-119.047328287824, 41.5948964985092], [-119.051398510359, 41.5949302032872], [-119.052151119802, 41.5949364370232], [-119.05646263072, 41.5949721404174], [-119.056973935611, 41.5949783902729], [-119.061709678617, 41.5950339261543], [-119.06179744941, 41.5950349553674], [-119.066620960515, 41.5950915190687], [-119.06663322162, 41.5948122714215], [-119.071468747691, 41.5948080175049], [-119.071713593404, 41.594807795135], [-119.074861589298, 41.5948050420473], [-119.076304302509, 41.5948049849432], [-119.076793993933, 41.5948049567271], [-119.081135661296, 41.5948021183191], [-119.081872588849, 41.5948016184906], [-119.083976945403, 41.5948002553829], [-119.085967047931, 41.5947985872722], [-119.086951208918, 41.5947985859286], [-119.090790656952, 41.594753944638], [-119.091961077325, 41.5947403585611], [-119.095614292922, 41.5946978845011], [-119.096970971783, 41.5946827438353], [-119.100437926198, 41.5946425760756], [-119.101981062972, 41.594624712533], [-119.105261563066, 41.5945867106682], [-119.106991151467, 41.5945673469474], [-119.110090227806, 41.594565289178], [-119.112469266715, 41.5945638145439], [-119.114918892545, 41.594562089323], [-119.117297791318, 41.594561893153], [-119.119746917684, 41.5945605300402], [-119.122125401435, 41.5945591951436], [-119.124574943721, 41.5945578306872], [-119.126952981908, 41.5945575774129], [-119.129399746603, 41.5945555485312], [-119.131762367903, 41.5945536009391], [-119.134224577333, 41.5945515438411], [-119.136571753898, 41.594551318783], [-119.139049631743, 41.594549261685], [-119.141380806618, 41.5945473140928], [-119.143874712205, 41.5945452281064], [-119.14618985844, 41.5945450050638], [-119.148692987928, 41.5945435566301], [-119.151004548987, 41.5945422217332], [-119.153511262753, 41.5945407753149], [-119.155819243127, 41.5945406060175], [-119.159925008404, 41.5945398240245], [-119.160638710914, 41.5945397407194], [-119.163157063253, 41.5945394605724], [-119.165458180498, 41.5945392644024], [-119.167982088917, 41.5945378999455], [-119.170283345401, 41.5945366490253], [-119.172807113683, 41.5945352838966], [-119.175108482457, 41.594535115271], [-119.177632250738, 41.5945338072465], [-119.179933756954, 41.5945325831989], [-119.182360881783, 41.5945313027188], [-119.182361109955, 41.5922333757669], [-119.187181580262, 41.5922332602105], [-119.192002078417, 41.5922331459978], [-119.196822547826, 41.5922330290978], [-119.201643017235, 41.592232885996], [-119.20574658164, 41.5922629937953], [-119.206399291237, 41.5922627653701], [-119.210570497885, 41.5922611838611], [-119.211424894535, 41.5922608660813], [-119.215393713444, 41.5922410266723], [-119.21625114101, 41.592236719511], [-119.220216745746, 41.5922169103274], [-119.221077394671, 41.592212600477], [-119.225039840931, 41.5922462730645], [-119.225901056692, 41.5922535739403], [-119.229871206006, 41.5922872431472], [-119.2307247259, 41.5922944943022], [-119.234702578268, 41.5923272437411], [-119.23554482161, 41.5923341623317], [-119.239533958614, 41.592366992371], [-119.240364924507, 41.5923738336961], [-119.244365348842, 41.5924080214987], [-119.245188565867, 41.5924150018897], [-119.249184358489, 41.5924489148893], [-119.250012244058, 41.5924559490228], [-119.254003298067, 41.5924888172949], [-119.254833636935, 41.5924956794339], [-119.258822200814, 41.5925285443266], [-119.259655013643, 41.5925354057896], [-119.263641116138, 41.5925694362971], [-119.264480196512, 41.5925767163094], [-119.2684662496, 41.5926120884504], [-119.269305444959, 41.5926193671142], [-119.273291372282, 41.5926540210403], [-119.274132170235, 41.5926612298286], [-119.278116423998, 41.5926948591846], [-119.278958881139, 41.5927019551001], [-119.2829411092, 41.5927367406613], [-119.28378520936, 41.5927439917658], [-119.287768955574, 41.592778912343], [-119.287763599819, 41.5901242771995], [-119.292593503335, 41.5901211140767], [-119.292585975453, 41.5864984634117], [-119.297412537236, 41.5864938541845], [-119.302239138545, 41.5864875887258], [-119.307063589288, 41.5864934275287], [-119.307071310307, 41.5901158265282], [-119.307079084328, 41.5919343367171], [-119.308809050919, 41.5918240127095], [-119.311893971606, 41.5916229894147], [-119.313483301549, 41.5915130323751], [-119.316732135131, 41.5912859020746], [-119.318129656795, 41.5911909844999], [-119.321272820652, 41.5909791242719], [-119.322786690314, 41.5908769414956], [-119.326100108274, 41.590653819264], [-119.32714555772, 41.5905832777327], [-119.327147001312, 41.5926041177953], [-119.330927214436, 41.5925054210634], [-119.33159310681, 41.5924880688689], [-119.335757490753, 41.5923796276252], [-119.336039206019, 41.592372305265], [-119.340487175521, 41.5922566052781], [-119.340587733832, 41.592253967638], [-119.344935105497, 41.5921406853921], [-119.345422412793, 41.5921279923129], [-119.349386440088, 41.5920246101026], [-119.350257057617, 41.5920018877484], [-119.353837762102, 41.5919085070588], [-119.355113499163, 41.5918752219486], [-119.358320041858, 41.5917915431742], [-119.359969700859, 41.5917485075275], [-119.362802327004, 41.5916745851242], [-119.367723339452, 41.5918687628494], [-119.372644359986, 41.5920629144606], [-119.377565420046, 41.5922570916896], [-119.377528941259, 41.5883647863546], [-119.377483395776, 41.5845656270354]]], [[[-119.377483395776, 41.5845656270354], [-119.372587797564, 41.5844935247012], [-119.372554417965, 41.5807409771714], [-119.372521038366, 41.5769884286266], [-119.374365530274, 41.5769767210775], [-119.377392855476, 41.5769575032741], [-119.377438126075, 41.580761606978], [-119.377483395776, 41.5845656270354]]], [[[-119.573388505874, 41.9155315653234], [-119.573365856651, 41.9191562086175], [-119.568510337675, 41.9191404070291], [-119.568531794833, 41.9155145402169], [-119.573388505874, 41.9155315653234]]], [[[-119.573388505874, 41.9155315653234], [-119.573394073632, 41.9119053096367], [-119.573399641391, 41.9082789435293], [-119.578252769052, 41.9083018303148], [-119.578248979958, 41.9119251962241], [-119.578245218712, 41.9155485884199], [-119.573388505874, 41.9155315653234]]], [[[-119.603011971419, 41.8103085151669], [-119.602962311652, 41.8066871508869], [-119.607806822673, 41.806704845133], [-119.607864064221, 41.8103255703179], [-119.603011971419, 41.8103085151669]]], [[[-119.612716156125, 41.8103426000208], [-119.612651303151, 41.8067223739826], [-119.617495813274, 41.8067396791803], [-119.617568249825, 41.8103594328674], [-119.612716156125, 41.8103426000208]]], [[[-119.617176747855, 41.7741532855338], [-119.617157423296, 41.7705319496984], [-119.622004957148, 41.7705454518108], [-119.626852519746, 41.7705589244413], [-119.626866122036, 41.7741782348584], [-119.626879753072, 41.7777975715025], [-119.622037912743, 41.7777861804461], [-119.617196072413, 41.7777746232514], [-119.617176747855, 41.7741532855338]]], [[[-119.626820739148, 41.7597183877841], [-119.631652634229, 41.7597048900939], [-119.631668375408, 41.7633177263558], [-119.626831315014, 41.7633340850933], [-119.621994309417, 41.7633502213682], [-119.621988846762, 41.7597319129453], [-119.626820739148, 41.7597183877841]]], [[[-119.622187251371, 41.7995099234991], [-119.622158149549, 41.7958892259862], [-119.626994406849, 41.7958988096135], [-119.627023566163, 41.7995196740043], [-119.627093447906, 41.8031407891728], [-119.622258411416, 41.8031304539534], [-119.622187251371, 41.7995099234991]]], [[[-119.631928513141, 41.8031511230512], [-119.631859851311, 41.7995294533042], [-119.636696167002, 41.7995392312632], [-119.636763548733, 41.8031612627325], [-119.631928513141, 41.8031511230512]]]]}}, {"type": "Feature", "properties": {"name": "Stillwater National Wildlife Refuge", "orgcode": 84593, "source": "USFWS National Wildlife Refuge System Boundaries (gis-fws.opendata.arcgis.com)"}, "geometry": {"type": "MultiPolygon", "coordinates": [[[[-118.531538258685, 39.6946797145163], [-118.531537000145, 39.7055760584514], [-118.540947714231, 39.7055487472586], [-118.540944438075, 39.7019215308682], [-118.550384488442, 39.7019656631718], [-118.550326948654, 39.7091959577935], [-118.550269382814, 39.7164262251368], [-118.550240679844, 39.7236639918882], [-118.540911444751, 39.7236732744828], [-118.531471287484, 39.7236827242802], [-118.522030769992, 39.7236922300414], [-118.512590225551, 39.7237017351103], [-118.503149680211, 39.723711239487], [-118.493709235483, 39.7237207113889], [-118.4842688204, 39.7237301722346], [-118.474828407112, 39.7237396351519], [-118.465387909384, 39.7237490953042], [-118.455947411655, 39.7237585575279], [-118.446506804332, 39.7237679900405], [-118.437066194314, 39.7237774239337], [-118.427800925557, 39.7238615516245], [-118.4183607629, 39.7239472621184], [-118.408920125933, 39.7240329711239], [-118.39947949166, 39.7241186807138], [-118.390038772047, 39.7242043922699], [-118.380598053333, 39.7242900753917], [-118.371157251075, 39.724375785353], [-118.361716476665, 39.7244614689528], [-118.352275590864, 39.7245472063377], [-118.342834705962, 39.7246329152884], [-118.342824583745, 39.7173077488402], [-118.342818016162, 39.7098736099726], [-118.342837394619, 39.7025708515084], [-118.342773033923, 39.6952113085391], [-118.342746678251, 39.6878522002264], [-118.342720325273, 39.6804930810714], [-118.352177679888, 39.6804339145684], [-118.36163502552, 39.6803747480148], [-118.361653363729, 39.6730270931702], [-118.361671701038, 39.6656794291181], [-118.361711392201, 39.658331394446], [-118.361751078872, 39.6509833510579], [-118.361772355469, 39.6436352010125], [-118.361793628474, 39.6362870414149], [-118.368892529972, 39.6364198318044], [-118.368886154629, 39.6190107655518], [-118.36888141332, 39.604519737022], [-118.387620069823, 39.6045157628765], [-118.387609334955, 39.5900253493499], [-118.387598600088, 39.5755349082239], [-118.406324512191, 39.575539136761], [-118.406308251786, 39.561048060265], [-118.425029085713, 39.5610487064169], [-118.44407659379, 39.5610492154433], [-118.444086992688, 39.5482222588026], [-118.453462786563, 39.5482371244279], [-118.462845579213, 39.5482604643053], [-118.462851381432, 39.5331176604557], [-118.462884491536, 39.5186274851469], [-118.462917631286, 39.5041372536067], [-118.472272707316, 39.5041246817788], [-118.481627781549, 39.5041121113348], [-118.481641178125, 39.4968666714239], [-118.481654541463, 39.4896211826702], [-118.481668154533, 39.4823756952522], [-118.481681768501, 39.4751301803202], [-118.49103125701, 39.4751302045896], [-118.500079127179, 39.4751302032027], [-118.500012100283, 39.4679625119998], [-118.499943345027, 39.460613683485], [-118.509373648674, 39.4606539540383], [-118.518803963999, 39.4606941898907], [-118.528268200608, 39.460746538632], [-118.53773243542, 39.4607988845598], [-118.547192058281, 39.4608070379677], [-118.556054823399, 39.4608200282115], [-118.556083498521, 39.4681512670199], [-118.556112199695, 39.4754824789175], [-118.556183180975, 39.4827507720112], [-118.556179368525, 39.4899642609697], [-118.556151553091, 39.497272780366], [-118.556166120171, 39.500971035039], [-118.556149150097, 39.5027902474262], [-118.557060613124, 39.5046476950703], [-118.557095935779, 39.5047251223005], [-118.55705734146, 39.5048679953414], [-118.556903133065, 39.5049895160714], [-118.556784680313, 39.5051963481264], [-118.556721241288, 39.5055183504991], [-118.556781676347, 39.5058574426269], [-118.556888971124, 39.5060387340697], [-118.557040365996, 39.5060835521053], [-118.557296403818, 39.5060409596199], [-118.557527698444, 39.5059087911983], [-118.557665386821, 39.5057957965669], [-118.557899428495, 39.5056742911089], [-118.558059108528, 39.5056444702356], [-118.558276561913, 39.5057191572038], [-118.558507734368, 39.5059196680665], [-118.558675600748, 39.5060945744973], [-118.558777413108, 39.5062268139549], [-118.558760825716, 39.5064251394006], [-118.558741450852, 39.5067215615673], [-118.558625721792, 39.5070179630629], [-118.558543039955, 39.5072781181848], [-118.558443858761, 39.5074849552106], [-118.558204298736, 39.5076256532179], [-118.557876643626, 39.5077599336687], [-118.557527022911, 39.5077363971993], [-118.55736463266, 39.5076361312927], [-118.557185774494, 39.5074057747697], [-118.556957345494, 39.5072265876494], [-118.556759164566, 39.5071391071504], [-118.556632538043, 39.5071134877316], [-118.556508643298, 39.5071411822646], [-118.556307604829, 39.5073288017271], [-118.556064848598, 39.5074949904238], [-118.555974404418, 39.5075569073596], [-118.55596138244, 39.5075764738899], [-118.55578709041, 39.50783836171], [-118.555718224662, 39.5079407086528], [-118.555517163735, 39.5081709767675], [-118.555442764365, 39.5083415645015], [-118.555459181077, 39.5085953425235], [-118.555558671291, 39.5090406427025], [-118.555645138629, 39.5092406428913], [-118.555847079905, 39.5093013135189], [-118.555943369422, 39.5094719414481], [-118.555944806726, 39.5094731480789], [-118.556052167979, 39.5095632967189], [-118.55617455086, 39.5096660590397], [-118.556369986537, 39.5097492740083], [-118.556477371146, 39.5097130454163], [-118.556782990582, 39.5096363438393], [-118.557102352445, 39.5096236205317], [-118.557358363318, 39.5096876549651], [-118.557460181067, 39.5098113656666], [-118.557454621394, 39.5099563788241], [-118.557473821087, 39.5101483139995], [-118.557592104057, 39.5104191755478], [-118.557647107003, 39.5105791297394], [-118.557622262297, 39.5107625247598], [-118.557553378583, 39.5109139210325], [-118.557443189434, 39.511086633859], [-118.55741010538, 39.5112103157337], [-118.557476143232, 39.5113126930553], [-118.557638541567, 39.5114108266912], [-118.557751382543, 39.5115153466197], [-118.557721038351, 39.5116774148493], [-118.557693395393, 39.5119802328784], [-118.557602511039, 39.5120612502118], [-118.557481350765, 39.5121188017699], [-118.55745928365, 39.5122318228503], [-118.557522578047, 39.5123064770958], [-118.5577372754, 39.5124451409758], [-118.557784053372, 39.5125155258823], [-118.557764763848, 39.5125624382561], [-118.557304871338, 39.5128587621654], [-118.557103827479, 39.5130207912236], [-118.556952307742, 39.513268134006], [-118.556767760545, 39.5134834802136], [-118.556478544346, 39.5138139600673], [-118.5563380667, 39.5139781352682], [-118.556263700567, 39.5140527571441], [-118.556161787597, 39.5141614942884], [-118.556128698153, 39.5142894403833], [-118.556147941863, 39.5143662172136], [-118.556337844816, 39.5145517942501], [-118.556547048971, 39.5146648681998], [-118.556734226435, 39.5147822019272], [-118.556871859116, 39.5148654031449], [-118.556937915832, 39.5149229974259], [-118.556924059319, 39.5149913790945], [-118.556794773783, 39.5151224332028], [-118.556551608819, 39.5153249599217], [-118.556290016714, 39.5154345336146], [-118.556188447798, 39.5155012432456], [-118.556176110336, 39.5155727401038], [-118.556228977088, 39.5156416533615], [-118.556276249134, 39.5156415334715], [-118.557913935389, 39.5156373775135], [-118.557773744305, 39.5158355271027], [-118.557253663773, 39.5167493316844], [-118.55670419306, 39.5175643605068], [-118.556024910398, 39.518540036327], [-118.5560236833, 39.5192577428938], [-118.556040965089, 39.5214189242103], [-118.549697610525, 39.5216358791179], [-118.549748571053, 39.5204783130091], [-118.549597716967, 39.5204779291104], [-118.549411133289, 39.5204549145892], [-118.549254183236, 39.5204575693116], [-118.549069307256, 39.5205074886088], [-118.548924533866, 39.5205695734239], [-118.548849512862, 39.5206384332174], [-118.548833795039, 39.520684349179], [-118.548849454471, 39.5207572875926], [-118.54886861913, 39.5207924093201], [-118.548870339404, 39.5208423831201], [-118.548824970888, 39.5208963947255], [-118.548708112646, 39.5209314754985], [-118.548502328378, 39.5209422197395], [-118.548355842799, 39.5209381236927], [-118.548249484965, 39.5209002731873], [-118.548073349592, 39.5209042722229], [-118.547932067056, 39.5209582546761], [-118.547862284128, 39.5210109073114], [-118.547832601994, 39.5210824802669], [-118.547820445093, 39.521126839566], [-118.547234523441, 39.5211299155773], [-118.547206550801, 39.5210674314298], [-118.547206585836, 39.5209999004518], [-118.547175744875, 39.5209539756906], [-118.547163596958, 39.5193147736137], [-118.544484562066, 39.5193269359203], [-118.54283736894, 39.519332478982], [-118.542475714393, 39.5189363939144], [-118.54231126161, 39.5187884238674], [-118.54230970483, 39.5186228955643], [-118.542231976303, 39.5185579969083], [-118.542148242539, 39.518497745993], [-118.542058965271, 39.5184424747669], [-118.541964637675, 39.5183924888455], [-118.541865779875, 39.518348063353], [-118.541762936249, 39.5183094450008], [-118.541656676331, 39.5182768444644], [-118.541547584923, 39.518250444006], [-118.53977251482, 39.5178762836313], [-118.537863391822, 39.5175555436332], [-118.537738219672, 39.5175381288665], [-118.537611758439, 39.5175277098029], [-118.537484657606, 39.5175243418844], [-118.537357572943, 39.5175280410508], [-118.537231156626, 39.5175387878973], [-118.537106061732, 39.5175565276748], [-118.535044497325, 39.5179084983639], [-118.533647198443, 39.5187226335067], [-118.533542869004, 39.5187802135021], [-118.533434842998, 39.5188335462103], [-118.533323406089, 39.5188824895817], [-118.533208856517, 39.5189269147324], [-118.533091498812, 39.5189667004008], [-118.533095053445, 39.5193349986184], [-118.537791009169, 39.5193500519888], [-118.53864179549, 39.5193472288324], [-118.538648713416, 39.5205964643072], [-118.54248887022, 39.5207819165985], [-118.542490644393, 39.5210481541951], [-118.543607891688, 39.521966223175], [-118.545128431342, 39.5229594279649], [-118.54564165683, 39.5229572216658], [-118.54564711679, 39.5231023355752], [-118.54576777311, 39.5251049998988], [-118.545768621119, 39.5251118590317], [-118.546780914647, 39.5250388531284], [-118.546779391104, 39.5247535777425], [-118.548458023468, 39.5246735854836], [-118.54837238797, 39.5231673803511], [-118.551720499764, 39.5231407142801], [-118.55174257676, 39.527291846832], [-118.551851547794, 39.5272892408731], [-118.551930274349, 39.533799576079], [-118.551894189922, 39.5337995081822], [-118.551944947431, 39.5403063060059], [-118.537865551372, 39.5402443663049], [-118.523022734645, 39.540259124876], [-118.522368974018, 39.5441300232985], [-118.519961529481, 39.5463068086952], [-118.519136764659, 39.548412319126], [-118.519139874627, 39.548824188362], [-118.531063654466, 39.548760480243], [-118.534887985649, 39.5482401216579], [-118.538741627064, 39.548278534955], [-118.538745400887, 39.544445096034], [-118.541245096116, 39.5444228334366], [-118.541260241711, 39.5438934770864], [-118.54695690539, 39.5439493085573], [-118.546966441906, 39.5447044459695], [-118.547293938912, 39.5447039416722], [-118.547340560577, 39.5483941051266], [-118.547351712263, 39.5556477903474], [-118.537967472427, 39.5556628192222], [-118.519191834979, 39.555680187026], [-118.519190991461, 39.5556075955889], [-118.514494481477, 39.5555853933668], [-118.514494471595, 39.5555842013893], [-118.512439786487, 39.5555831216142], [-118.509820145506, 39.5581041380562], [-118.508728634944, 39.5591543931315], [-118.505132898051, 39.5626141748843], [-118.504978612401, 39.5627739195102], [-118.502925984434, 39.5648997298619], [-118.501464396721, 39.5664134433484], [-118.500458825287, 39.567454827152], [-118.497969206461, 39.5700331517641], [-118.494433962119, 39.5736716804097], [-118.492670195517, 39.5754691958792], [-118.491944912824, 39.57620832184], [-118.491834440706, 39.5763217807398], [-118.491725207364, 39.5764359540099], [-118.491617220883, 39.5765508361076], [-118.491510485756, 39.5766664173359], [-118.491405012762, 39.5767826879976], [-118.491300808189, 39.5768996432426], [-118.491197879224, 39.5770172733738], [-118.491151525257, 39.5770710300884], [-118.491135616991, 39.5770894782028], [-118.491090463174, 39.5771424102222], [-118.49101076554, 39.5772368780729], [-118.490995878659, 39.5772545243543], [-118.490905405734, 39.5773640148395], [-118.490816024261, 39.5774740410607], [-118.49072774053, 39.5775845981687], [-118.49064055993, 39.57769567716], [-118.490554487851, 39.5778072731852], [-118.488110304015, 39.5809980523715], [-118.486838948936, 39.5826576160612], [-118.486452533227, 39.583155545198], [-118.485259944229, 39.5846922444888], [-118.486461735569, 39.5846914787864], [-118.486483543969, 39.5883353342443], [-118.482434010533, 39.5883332525572], [-118.481760338749, 39.5892011611412], [-118.479596779625, 39.5919887116472], [-118.478018457637, 39.5940220928227], [-118.47799418426, 39.5940547443082], [-118.477971508985, 39.5940880776178], [-118.477950465051, 39.5941220456795], [-118.477931079408, 39.5941565986524], [-118.477913383495, 39.5941916894643], [-118.477897399771, 39.5942272696591], [-118.477883149796, 39.5942632880116], [-118.477870656027, 39.5942996939891], [-118.477859933735, 39.5943364377509], [-118.477850998193, 39.5943734659958], [-118.477843864672, 39.5944107268066], [-118.477838540357, 39.5944481675744], [-118.477835034232, 39.594485737767], [-118.47783335079, 39.5945233826987], [-118.477833491825, 39.594561049761], [-118.477835456441, 39.594598685653], [-118.477839244636, 39.5946362398428], [-118.477844849225, 39.5946736576456], [-118.477852261225, 39.5947108857608], [-118.477861473448, 39.5947478729647], [-118.478106608417, 39.5956412159605], [-118.478132747596, 39.5957364719372], [-118.479102953255, 39.599271938878], [-118.480098964818, 39.6029010595235], [-118.480193914947, 39.603247003566], [-118.481022138283, 39.6063099874323], [-118.481028178555, 39.6063288575569], [-118.48103594988, 39.6063473428685], [-118.481045415428, 39.6063653485497], [-118.481056525792, 39.606382784628], [-118.481069226173, 39.6063995583623], [-118.481083446504, 39.6064155853169], [-118.481099116716, 39.6064307824405], [-118.481116154164, 39.6064450708342], [-118.481134474406, 39.6064583778282], [-118.481153978627, 39.6064706335211], [-118.481174570708, 39.6064817756245], [-118.481196141953, 39.6064917473867], [-118.481218582767, 39.6065004962089], [-118.48124177637, 39.6065079784891], [-118.481265604183, 39.6065141554704], [-118.481289944035, 39.6065189946245], [-118.481314667469, 39.6065224703439], [-118.481339651413, 39.6065245667107], [-118.481685106641, 39.6065215733841], [-118.486531126831, 39.6066999871869], [-118.491226617228, 39.6066960976025], [-118.500542153013, 39.6067323170999], [-118.509960760595, 39.6067387805892], [-118.519379373566, 39.6067452669171], [-118.524054819854, 39.6067424999155], [-118.524016618098, 39.5957878973182], [-118.528715718824, 39.5957859979052], [-118.533414818652, 39.5957840977998], [-118.538114019989, 39.5957818972771], [-118.538124920147, 39.5921310970677], [-118.542788420638, 39.5921286963708], [-118.542789519278, 39.5848190954997], [-118.538106818196, 39.5848324959575], [-118.538097718262, 39.5811831958086], [-118.542790119352, 39.5811639961971], [-118.542671446514, 39.5776447008645], [-118.547366559618, 39.5776117598439], [-118.552061669129, 39.5775788181152], [-118.552186672396, 39.5775779415522], [-118.552181868206, 39.5775091313208], [-118.552178832798, 39.5774402600909], [-118.552177567072, 39.5773713562501], [-118.552178071925, 39.577302445417], [-118.552180348256, 39.5772335559796], [-118.55218439337, 39.5771647170182], [-118.552190203673, 39.5770959534593], [-118.552197782759, 39.577027291614], [-118.552207121645, 39.5769587612555], [-118.552218221229, 39.5768903873105], [-118.552231074324, 39.5768221974753], [-118.552245677337, 39.5767542194461], [-118.552262022184, 39.5766864795348], [-118.552280106169, 39.5766190040531], [-118.552299918512, 39.5765518200053], [-118.552321452926, 39.5764849543959], [-118.553177155726, 39.5739331271474], [-118.554187190889, 39.5709208063653], [-118.554207381423, 39.5708578975517], [-118.554225918159, 39.5707946833082], [-118.554242791215, 39.570731191332], [-118.554257993405, 39.5706674458585], [-118.55427151844, 39.5706034752776], [-118.55428336093, 39.5705393052098], [-118.554293516384, 39.5704749626604], [-118.554301979413, 39.5704104732498], [-118.554308748218, 39.5703458632913], [-118.554313287406, 39.570289100237], [-118.554317188789, 39.5702163925224], [-118.554318857859, 39.5701515843388], [-118.554318824621, 39.5700867636303], [-118.554317090872, 39.5700219567104], [-118.55431365302, 39.569957188508], [-118.55430851825, 39.5698924894915], [-118.554301684765, 39.5698278845899], [-118.554293155262, 39.5697634001172], [-118.55428293423, 39.5696990637724], [-118.55375844297, 39.5666545684377], [-118.553132248047, 39.5630193752001], [-118.556053990661, 39.5630084934241], [-118.556059490147, 39.5666440383282], [-118.556064988735, 39.5702795795948], [-118.556070488221, 39.5739151164976], [-118.556075987707, 39.5775506538492], [-118.556180182399, 39.5811147630267], [-118.556164288506, 39.5847799519694], [-118.55613252857, 39.592110301409], [-118.55614260587, 39.5994190679949], [-118.556152680476, 39.6067278336985], [-118.556158423406, 39.6140406271991], [-118.556164193285, 39.6213534211712], [-118.556213327538, 39.6286750478368], [-118.556242268561, 39.6365377496557], [-118.552264215869, 39.6365442497943], [-118.550237798048, 39.6365467077542], [-118.550247374089, 39.6438265298175], [-118.550256951028, 39.6511063802917], [-118.550202025337, 39.6583687577643], [-118.5503192456, 39.6656284684928], [-118.550387546308, 39.6729010668657], [-118.540892434603, 39.6728865771587], [-118.531505469279, 39.6728955015076], [-118.531522492353, 39.6801587391943], [-118.540913262941, 39.680144703852], [-118.550455873067, 39.6801736940452], [-118.550440865811, 39.6874474882967], [-118.550425885506, 39.6947212842737], [-118.540937917204, 39.6946583476236], [-118.531538258685, 39.6946797145163]]], [[[-118.551992004779, 39.5216349713582], [-118.556041523841, 39.5214967111008], [-118.556051404411, 39.5228752531688], [-118.55199831724, 39.5228657100815], [-118.551992004779, 39.5216349713582]]]]}}]}