taxon,genus,endemism_category,esa_status,nv_state_status,blm_status,usfs_status,natureserve_grank,book_thematic_category,notes,physiographic_region,physiographic_section
Acmispon intricatus,Acmispon,endemic,,,,,,Foothills,Colorado River section Mojave; Valley of Fire; 1 historic collection 1941,Mojave Desert,Colorado River Section
Aliciella heterostyla,Aliciella,endemic,,,,,G3,Deep Loose Sand,Lincoln & Nye cos; Central/Calcareous Mts/Tonopah sections; deep sand dunes 1372-1932m,Central Great Basin,Tonopah Section
Aliciella nyensis,Aliciella,endemic,,,,,G3,Deep Loose Sand,Nye Co only; Tonopah section south into East Mts Mojave; tuff-derived sands 1266-2134m,Central Great Basin,Tonopah Section
Angelica scabrida,Angelica,endemic,,,BLM Sensitive,Forest Service Region 4 Sensitive,G1,Spring Mountains,Spring Mts Clark Co; Mt Charleston area & Red Rocks; moist drainages/canyon bottoms 1128-2560m,Mojave Desert,East Mountains Section
Antennaria soliceps,Antennaria,endemic,,,,Forest Service Region 4 Sensitive,G1,Spring Mountains,Spring Mts Clark Co; drier soils open screes talus; 2499-3618m,Mojave Desert,East Mountains Section
Asclepias eastwoodiana,Asclepias,endemic,,,BLM Sensitive,Forest Service Region 4 Sensitive,G2,Foothills Mid-slopes,Esmeralda/Lander/Lincoln/Nye/White Pine cos; Central/Tonopah/Calcareous Mts sections; broad scattered distribution 1417-2134m,Central Great Basin,Tonopah Section
Astragalus ackermanii,Astragalus,endemic,,,,,G2,Cliff-dwelling,Sheep & Pintwater ranges; Clark & Lincoln cos; limestone cliffs/ledges/crevices 1219-1890m,Mojave Desert,East Mountains Section
Astragalus aequalis,Astragalus,endemic,,,,Forest Service Region 4 Sensitive,G2,Spring Mountains,Spring Mts Clark Co; calcareous canyon bottoms/road banks/disturbed areas 1080-2560m,Mojave Desert,East Mountains Section
Astragalus atratus var. atratus,Astragalus,endemic,,,,,,Foothills Mid-slopes,8 counties N & central NV; Lake/Owyhee Uplands/Central/Lahontan/Tonopah/Calcareous Mts sections; 1448-2774m,Northern Great Basin,Owyhee Uplands Section
Astragalus beatleyae,Astragalus,endemic,,,BLM Sensitive,,G2,Foothills,Nye Co; Nevada National Security Site only; Pahute Mesa volcanic tuff 1707-2073m; access restricted,Central Great Basin,Tonopah Section
Astragalus bisulcatus var. nevadensis,Astragalus,endemic,,,,,G5,Foothills Mid-slopes,Eureka/Nye/White Pine cos; Central & Calcareous Mts sections; selenium-scented; 1524-2316m,Central Great Basin,Central / Calcareous Mountains Sections
Astragalus lentiginosus var. kennedyi,Astragalus,endemic,,,,,G5,Deep Loose Sand,7 counties; Lahontan & Tonopah sections; sandy valley bottoms/washes/dunes 1143-1847m,Central Great Basin,Tonopah Section
Astragalus lentiginosus var. latus,Astragalus,endemic,,,BLM Special Status,Forest Service Region 4 Sensitive,G5,Two or Few Mountain Ranges,Monitor/White Pine/Egan/Schell Creek/Snake ranges; Eureka & White Pine cos; 2246-3164m,Central Great Basin,Calcareous Mountains Section
Astragalus oophorus var. clokeyanus,Astragalus,endemic,,,,Forest Service Region 4 Sensitive,G4,Two or Few Mountain Ranges,Belted Range Nye Co & Spring Mts Clark Co; limestone soils 1829-2743m,Central Great Basin,Tonopah Section
Astragalus phoenix,Astragalus,endemic,Threatened,Critically Endangered,BLM Sensitive,,G1,Ash Meadows,Ash Meadows NWR; Amargosa section Mojave; edaphic alkaline clay/silt/sandy-clay 670-700m,Mojave Desert,Amargosa Section
Astragalus porrectus,Astragalus,endemic,,,BLM Sensitive,,G2,Valley Bottoms and Adjacent Foothills,Churchill/Humboldt/Lyon/Pershing/Washoe cos; Lahontan max elev; calcareous/alkaline sandy washes 1265-1738m,Northern Great Basin / Central Great Basin,Lake Section / Reno-Lahontan-Central-Tonopah Sections
Astragalus pterocarpus,Astragalus,endemic,,,BLM Special Status,,G3,Valley Bottoms and Adjacent Foothills,Churchill/Humboldt/Lander/Pershing cos; Black Rock Desert area; alkaline sandy silt/clay 1212-1524m,Northern Great Basin,Lake Section
Astragalus purshii var. pumilio,Astragalus,endemic,,,,,G5,Foothills Mid-slopes,Eureka/Humboldt/Lander/Nye/Pershing cos; Lahontan & Central sections; 1316-2438m,Central Great Basin,Lahontan / Central Sections
Astragalus remotus,Astragalus,endemic,,,BLM Sensitive,Forest Service Region 4 Sensitive,G2,Spring Mountains,Spring Mts Clark Co southern portion; rocky calcareous soils 1097-1829m,Mojave Desert,East Mountains Section
Astragalus robbinsii var. occidentalis,Astragalus,endemic,,,,Forest Service Region 4 Sensitive,G5,Two or Few Mountain Ranges,Ruby Mts & East Humboldt Range; Elko Co; moist loam/sandy/gravelly soils; aspen/willow/meadow margins 1844-3200m,Central Great Basin,Lahontan Section
Astragalus serenoi var. serenoi,Astragalus,endemic,,,,,G4,Foothills Mid-slopes,Churchill/Lander/Mineral/Nye/Pershing cos; Lahontan/Central/Tonopah sections; 1158-2286m,Central Great Basin,Tonopah Section
Astragalus serenoi var. sordescens,Astragalus,endemic,,,,,G4,Foothills Mid-slopes,Esmeralda & Nye cos; Central & Tonopah sections; 1524-2073m; common name: dirty-flowered naked milkvetch,Central Great Basin,Tonopah Section
Astragalus tiehmii,Astragalus,endemic,,,BLM Sensitive,,G2,Charismatic Edaphic Moderate Elevations,Humboldt & Washoe cos; Lake section NGB; fluviolacustrine ash deposits 1628-1738m; ~85 occurrences 100-250km2,Northern Great Basin,Lake Section
Astragalus toquimanus,Astragalus,endemic,,,BLM Sensitive,Forest Service Region 4 Sensitive,G2,Two or Few Mountain Ranges,Toquima/Monitor/Hot Creek/Antelope ranges; Nye Co only; volcanic/calcareous soils 1890-2238m,Central Great Basin,Central Section
Atriplex phyllostegia,Atriplex,endemic,,,,,,Valley Bottoms and Adjacent Foothills,Churchill/Humboldt/Lyon/Mineral/Nye/Pershing/Washoe cos; Black Rock Desert & Carson Sink; alkaline flats 1042-1725m,Northern Great Basin,Lake Section
Boechera falcifructa,Boechera,endemic,,,BLM Sensitive,,G2,Foothills,Elko & Lander cos; Central & Bonneville sections; 1625-1756m,Central Great Basin,Central / Bonneville Sections
Boechera fernaldiana var. fernaldiana,Boechera,endemic,,,,,,Widespread Multiple Mountain Ranges,10 counties; Lake section NGB + Reno/Lahontan/Central/Tonopah/Bonneville sections CGB; 13 mountain ranges; 1661-3358m,Central Great Basin,Tonopah Section
Boechera nevadensis,Boechera,endemic,,,,Forest Service Region 4 Sensitive,G1,Two or Few Mountain Ranges,Spruce Mtn/Snake Range/Spring Mts; Elko/White Pine/Clark cos; limestone talus 2560-3353m; 481km N-S,Central Great Basin,Calcareous Mountains Section
Boechera ophira,Boechera,endemic,,,,Forest Service Region 4 Sensitive,G1,One Mountain Range,Toiyabe Range only; Nye Co; crest south of Toiyabe Range Peak to South Toiyabe Peak; 3060-3170m,Central Great Basin,Central Section
Castilleja dissitiflora,Castilleja,endemic,,,,,,Foothills Mid-slopes,Eureka/Lander/Nye/White Pine cos; Central & Calcareous Mts sections; limestone/quartzite substrates 2332-3293m,Central Great Basin,Central / Calcareous Mountains Sections
Castilleja salsuginosa,Castilleja,endemic,,Critically Endangered,BLM Sensitive,,G1,Groundwater Springs,Hot Spring Hill Eureka Co & Steptoe Valley White Pine Co; hot spring endemics; moist alkaline clay 1786-1865m,Central Great Basin,Calcareous Mountains Section
Caulanthus barnebyi,Caulanthus,endemic,,,BLM Special Status,,G1,Foothills,Humboldt & Pershing cos; Lake section NGB & Lahontan section CGB; Black Rock Desert foothills; basalt tuff/volcanic; 1250-1524m,Northern Great Basin,Lake Section
Chrysothamnus eremobius,Chrysothamnus,endemic,,,,,G1,Cliff-dwelling,Sheep & Pintwater ranges; Clark & Lincoln cos; limestone cliffs/ledges 1402-2134m,Mojave Desert,East Mountains Section
Chylismia megalantha,Chylismia,endemic,,,BLM Special Status,,G3,Valley Bottoms and Adjacent Foothills,Lincoln & Nye cos; East Mts section Mojave; Nevada National Security Site; alkaline volcanic soils 1030-1378m,Central Great Basin,Tonopah Section
Cirsium clokeyi,Cirsium,endemic,,,,,G1,Spring Mountains,Spring Mts Clark Co; moist soils/spring areas/drainage bottoms/snow depressions; 2560-3567m,Mojave Desert,East Mountains Section
Cirsium viperinum,Cirsium,endemic,,,,,G1,Two or Few Mountain Ranges,White Pine Co only; Schell Creek Range & Snake Range (Mt Moriah & Mt Washington); limestone/quartzite/granite 3255-3500m,Central Great Basin,Calcareous Mountains Section
Cymopterus goodrichii,Cymopterus,endemic,,,BLM Sensitive,Forest Service Region 4 Sensitive,G2,Two or Few Mountain Ranges,Humboldt & Toiyabe ranges; Lander & Pershing cos; dark slate/limestone scree & talus 2225-3322m,Central Great Basin,Central Section
Diplacus ovatus,Diplacus,endemic,,,BLM Sensitive,,G2,Charismatic Edaphic Moderate Elevations,Carson City/Storey/Washoe cos; Reno section; Carson Range east flank; hydrothermal andesite/sinter 1372-1951m,Sierra Nevada,Sierra Nevada Region
Draba arida,Draba,endemic,,,,Forest Service Region 4 Sensitive,G2,Two or Few Mountain Ranges,Toiyabe & Toquima ranges; Lander & Nye cos; talus/scree/gravel; alpine 2149-3383m,Central Great Basin,Central Section
Draba jaegeri,Draba,endemic,,,,Forest Service Region 4 Sensitive,G2,Spring Mountains,Spring Mts Clark Co; moist soils/spring areas/avalanche chutes; 2683-3618m,Mojave Desert,East Mountains Section
Draba paucifructa,Draba,endemic,,,,Forest Service Region 4 Sensitive,G1,Spring Mountains,Spring Mts Clark Co; moist soils/spring/seep areas; 2560-3475m,Mojave Desert,East Mountains Section
Draba pedicellata var. wheelerensis,Draba,endemic,,,,,G3,One Mountain Range,Snake Range only; White Pine Co; The Table/Wheeler Peak/Mt Washington/Highland Ridge; quartzite talus & limestone; 3109-3810m,Central Great Basin,Calcareous Mountains Section
Draba serpentina,Draba,endemic,,,,Forest Service Region 4 Sensitive,G1,Two or Few Mountain Ranges,Snake Range (primary) & Toiyabe Range (1 collection); Lander & White Pine cos; quartzite/limestone alpine 3050-3633m,Central Great Basin,Central Section
Draba sphaeroides,Draba,endemic,,,,,G2,Two or Few Mountain Ranges,Jarbidge Mts/East Humboldt Range/Ruby Mts; Elko Co; Owyhee Uplands & Central Mts sections; subalpine/alpine 2438-3300m,Northern Great Basin,Owyhee Uplands Section
Enceliopsis nudicaulis var. corrugata,Enceliopsis,endemic,Threatened,Critically Endangered,BLM Sensitive,,G5,Ash Meadows,Ash Meadows NWR; Amargosa section Mojave; edaphic alkaline clay/silt 670-700m,Mojave Desert,Amargosa Section
Eremogone congesta var. wheelerensis,Eremogone,endemic,,,,,G5,Two or Few Mountain Ranges,Lincoln & White Pine cos; Calcareous Mts section; Snake/Wilson Creek/White Rock/Mahogany Mts; 2073-3658m,Central Great Basin,Calcareous Mountains Section
Eremogone stenomeres,Eremogone,endemic,,,,,G2,Cliff-dwelling,Clark & Lincoln cos; Coyote Springs Valley foothills; Las Vegas/Elbow/Arrow Canyon ranges; vertical carbonate cliffs 732-1098m,Mojave Desert,East Mountains Section
Ericameria compacta,Ericameria,endemic,,,,Forest Service Region 4 Sensitive,G2,Spring Mountains,Spring Mts & Sheep Range; Clark Co; East Mts section Mojave; ridges/slopes/outcrops; limestone 2360-3354m,Mojave Desert,East Mountains Section
Erigeron cavernensis,Erigeron,endemic,,,BLM Special Status,Forest Service Region 4 Sensitive,G1,Cliff-dwelling,Schell Creek/White Pine/Highland ranges; White Pine/Nye/Lincoln cos; N & E-facing limestone cliffs 2750-3264m,Central Great Basin,Calcareous Mountains Section
Erigeron ovinus,Erigeron,endemic,,,BLM Sensitive,,G2,Cliff-dwelling,Clark & Lincoln cos; Worthington Mts to Sheep Range; carbonate rock faces/cliffs 1951-2470m,Mojave Desert,East Mountains Section
Erigeron uncialis var. conjugans,Erigeron,endemic,,,,,G4,Cliff-dwelling,Clark/Lincoln/Nye/White Pine cos; Snake Range to Spring Mts; carbonate outcrops 1951-3353m,Central Great Basin,Calcareous Mountains Section
Eriogonum anemophilum,Eriogonum,endemic,,,BLM Sensitive,,G3,Foothills Mid-slopes,Humboldt/Pershing/Lander/Eureka cos; bimodal elevation distribution; limestone/volcanic/shale ridges 1448-2743m,Central Great Basin,Lahontan / Central Sections
Eriogonum argophyllum,Eriogonum,endemic,,Critically Endangered,,,G1,Groundwater Springs,Sulphur Hot Springs Ruby Valley; Elko Co; mineral-encrusted sandy soils along spring runoff; 1829-1845m,Central Great Basin,Central Section
Eriogonum concinnum,Eriogonum,endemic,,,BLM Sensitive,,G3,Foothills,Nye Co only; Nevada National Security Site; Tonopah section & East Mts Mojave; deep pumice sand/talus 1295-2043m,Central Great Basin,Tonopah Section
Eriogonum diatomaceum,Eriogonum,endemic,,Critically Endangered,BLM Sensitive,,G1,Charismatic Edaphic Moderate Elevations,Churchill Narrows only; Lyon Co; Lahontan section; white-yellow chalky diatomaceous/gypsiferous deposits; 1300-1400m,Central Great Basin,Lahontan Section
Eriogonum douglasii var. elkoense,Eriogonum,endemic,,,,Forest Service Region 4 Sensitive,G5,Foothills,Elko Co; Bull Run Basin/Mahogany Mts/Sunflower Flat area; Owyhee Uplands & Central sections; sandy/gravelly 1835-2109m,Northern Great Basin,Owyhee Uplands Section
Eriogonum esmeraldense var. toiyabense,Eriogonum,endemic,,,,Forest Service Region 4 Sensitive,G4,Foothills Mid-slopes,Eureka/Lander/Nye cos + Humboldt (Jackson Mts) + Elko (Independence Mts); andesitic/rhyolitic talus 2118-3292m,Central Great Basin / Northern Great Basin,Central Section / Owyhee Uplands Section
Eriogonum heermannii var. clokeyi,Eriogonum,endemic,,,BLM Sensitive,Forest Service Region 4 Sensitive,G5,Foothills,Clark/Lincoln/Nye cos; primarily Mojave Desert; Spring Mts/Sheep Range/Pintwater Range; carbonate outcrops 1050-1829m,Mojave Desert,East Mountains Section
Eriogonum holmgrenii,Eriogonum,endemic,,,,,G1,One Mountain Range,South Snake Range only; White Pine Co; Pyramid Peak to Mt Washington/Lexington Arch; limestone/quartzite/granite 2487-3598m,Central Great Basin,Calcareous Mountains Section
Eriogonum kingii,Eriogonum,endemic,,,,,G3,Foothills Mid-slopes,Elko & White Pine cos; Owyhee Uplands/Central/Calcareous Mts/Bonneville sections; higher & lower elevation pops; 1585-3353m,Northern Great Basin,Owyhee Uplands Section
Eriogonum lemmonii,Eriogonum,endemic,,,BLM Sensitive,,G3,Charismatic Edaphic Moderate Elevations,Churchill/Lyon/Pershing/Storey/Washoe cos; Lahontan section; Sahwave Mts to Desert Mts/Singatse Range; volcanic tuff/ash clay hills 1219-1890m,Central Great Basin,Lahontan Section
Eriogonum lewisii,Eriogonum,endemic,,,BLM Sensitive,Forest Service Region 4 Sensitive,G3,Two or Few Mountain Ranges,Elko Co only; Jarbidge/Independence Mts/Ellen D Mtn/Salmon River Range/Tuscarora Mts; siliceous carbonate rocks 2194-2926m,Northern Great Basin,Owyhee Uplands Section
Eriogonum microtheca var. arceuthinum,Eriogonum,endemic,,,BLM Special Status,,G5,Charismatic Edaphic Moderate Elevations,Mahogany Mts; Lincoln Co; Bonneville section; white volcanic tuff outcrops; PJ woodland; 1935-1992m,Central Great Basin,Bonneville Section
Eriogonum nutans var. glabratum,Eriogonum,endemic,,,BLM Sensitive,,G4,Foothills,Elko & Eureka cos; Central & Bonneville sections; Palisade Canyon to Hubbard Basin; 1479-2030m,Central Great Basin,Central / Bonneville Sections
Eriogonum ovalifolium var. williamsiae,Eriogonum,endemic,Endangered,Critically Endangered,BLM Sensitive,,G5,Groundwater Springs,Steamboat Hills east side; Washoe Co; Reno section; siliceous sinter soils ancient spring; 1400-1450m; critically threatened by groundwater withdrawal,Central Great Basin,Reno Section
Eriogonum robustum,Eriogonum,endemic,,,BLM Sensitive,Forest Service Region 4 Sensitive,G2,Charismatic Edaphic Moderate Elevations,Carson City/Storey/Washoe cos; Sierra Nevada region & Reno section; hydrothermal andesite; Reno area 1311-2027m,Central Great Basin,Reno Section
Eriogonum rubricaule,Eriogonum,endemic,,,BLM Sensitive,,G3,Charismatic Edaphic Moderate Elevations,9 counties western NV; Lake section NGB & western CGB sections; Virgin Valley to Silver Peak Range; volcanic ash/diatomite/tuff 1100-1800m,Central Great Basin,Tonopah Section
Eriogonum tiehmii,Eriogonum,endemic,Endangered,,BLM Sensitive,,G1,Charismatic Edaphic Moderate Elevations,Silver Peak Range; Esmeralda Co; Tonopah section; ~4ha habitat; lithium-rich soils 1800-1900m; recently federally listed Endangered,Central Great Basin,Tonopah Section
Eriogonum umbellatum var. vernum,Eriogonum,endemic,,,,,G5,Foothills,Nye Co; Nevada National Security Site & Monitor/Kawich ranges; Timpahute Range to Shoshone Mtn; volcanic rock sandy soils 1372-1982m,Central Great Basin,Tonopah Section
Erythranthe brachystylis,Erythranthe,endemic,,,,,G1,One Mountain Range,Shoshone Mts only; Nye Co; Tonopah section; spring seep habitat Sunnyside Creek; moist loam 2134m; very few collections,Central Great Basin,Tonopah Section
Frasera pahutensis,Frasera,endemic,,,BLM Special Status,,G3,Two or Few Mountain Ranges,Toquima/Monitor/Hot Creek ranges + Pahute Mesa disjunct; Nye Co; rhyolitic/andesitic/granitic soils 2103-2482m; only Gentianaceae endemic,Central Great Basin,Central Section
Glossopetalon spinescens var. clokeyi,Glossopetalon,endemic,,,,Forest Service Region 4 Sensitive,G2,Cliff-dwelling,Spring Mts Clark Co only; East Mts section Mojave; carbonate cliff faces/ledges/crevices; 1951-2810m; only Crossosomataceae endemic,Mojave Desert,East Mountains Section
Helianthus devernii,Helianthus,endemic,Under Review,Critically Endangered,,,G1,Groundwater Springs,Calico Basin Red Rock Canyon NCA; Las Vegas; Clark Co; spring systems; moist sandy soil Aztec sandstone; 1110-1157m; ~400 plants,Mojave Desert,East Mountains Section
Heterotheca excelsior,Heterotheca,endemic,,,California BLM Sensitive,,G1,Spring Mountains,Red Rock Canyon NCA; Clark Co only; Excelsior Canyon/Willow Spring/Pine Creek Canyon; sandy rocky sandstone canyon bottoms 1200m,Mojave Desert,East Mountains Section
Ionactis caelestis,Ionactis,endemic,,,BLM Sensitive,,G1,Spring Mountains,Red Rock Canyon NCA; Clark Co; Bridge Mtn & Mt Wilson; barren Aztec sandstone crevices 1918-2135m,Mojave Desert,East Mountains Section
Ipomopsis congesta var. nevadensis,Ipomopsis,endemic,,,,,G5,One Mountain Range,Toiyabe Range only; Lander Co; crest north of Bunker Hill; shale/scree/rocky clay carbonate soils 3170-3292m; ~4km extent,Central Great Basin,Central Section
Ivesia arizonica var. saxosa,Ivesia,endemic,,,BLM Sensitive,,G3,Cliff-dwelling,Clark/Lincoln/Nye cos; Grant Range/Pahute Mesa/Pahroc Range/White River Narrows/Sheep Range; volcanic/granitic rock faces 1372-2235m,Central Great Basin,Calcareous Mountains Section
Ivesia cryptocaulis,Ivesia,endemic,,,,Forest Service Region 4 Sensitive,G2,Spring Mountains,Spring Mts Clark Co; drier soils open screes talus gravels; 2560-3567m,Mojave Desert,East Mountains Section
Ivesia kingii var. eremica,Ivesia,endemic,Threatened,Critically Endangered,BLM Sensitive,,G4,Ash Meadows,Ash Meadows NWR; Amargosa section Mojave; moist to saturated alkaline clay soils meadows/drainages/seeps 652-695m,Mojave Desert,Amargosa Section
Ivesia pityocharis,Ivesia,endemic,,,BLM Sensitive,,G1,One Mountain Range,Pine Nut Mts only; Douglas Co; Reno section; Mount Siegel area; moist meadows/seasonally wet flats; decomposed granite 2330-2621m,Central Great Basin,Reno Section
Johanneshowellia crateriorum,Johanneshowellia,endemic,,,BLM Sensitive,,G1,Valley Bottoms and Adjacent Foothills,Nye Co; Central section CGB; Pancake Range & Newark/Big Sand Spring valleys; sandy flats/dark pumice; 1676-1820m; ~25km extent,Central Great Basin,Central Section
Lathyrus grimesii,Lathyrus,endemic,,,BLM Sensitive,Forest Service Region 4 Sensitive,G2,Two or Few Mountain Ranges,Independence Mts (primary) + Bull Run Mts (aerial photo only); Elko Co; Owyhee Uplands; steep clay slopes yellow-brown scree 2195-2380m,Northern Great Basin,Owyhee Uplands Section
Lepidium tiehmii,Lepidium,endemic,Endangered,,BLM Sensitive,,G2,Foothills,Douglas/Lyon/Storey cos; Reno section; Virginia Range to Buckskin Range; Pine Nut Mts; basalt/rocky clay soils 1402-1875m,Central Great Basin,Reno Section
Lupinus malacophyllus,Lupinus,endemic,,,BLM Sensitive,,G3,Foothills,Douglas/Lyon/Storey/Washoe cos; Sierra Nevada region & Reno section; Reno/Truckee Meadows/Carson City/Pine Nut Mts; sandy/gravelly/clay 1372-1981m,Central Great Basin,Reno Section
Lycium shockleyi,Lycium,endemic,,,,,,Deep Loose Sand,Churchill/Mineral/Esmeralda/Nye/Clark cos; Lahontan & Tonopah CGB & East Mts Mojave; low sand ridges; Carson Sink to Amargosa Valley; 500-1692m; 591km N-S,Central Great Basin,Lahontan Section
Mentzelia argillicola,Mentzelia,endemic,,,BLM Sensitive,,G1,Charismatic Edaphic Moderate Elevations,Lincoln Co; Tonopah section; Lake Valley & Meadow Valley; gypsum-rich clay soils steep barren slopes 1448-1829m; ~35km extent,Central Great Basin,Tonopah Section
Mentzelia candelariae,Mentzelia,endemic,,,BLM Sensitive,,G2,Charismatic Edaphic Moderate Elevations,Churchill/Esmeralda/Mineral/Nye/Pershing cos; Lahontan/Tonopah/Central sections; light-colored clay hillsides/volcanic ash; 1158-2055m,Central Great Basin,Tonopah Section
Mentzelia leucophylla,Mentzelia,endemic,Threatened,Critically Endangered,BLM Sensitive,,G1,Ash Meadows,Ash Meadows NWR Nye Co only; Amargosa section Mojave; edaphic alkaline clay/silt; ~670-700m,Mojave Desert,Amargosa Section
Mentzelia tiehmii,Mentzelia,endemic,,,BLM Sensitive,,G2,Charismatic Edaphic Moderate Elevations,White River Valley; Lincoln & Nye cos; Calcareous Mts section; white alkaline clay/gypsiferous badlands 1509-1585m; ~45km extent,Central Great Basin,Calcareous Mountains Section
Mirabilis pudica,Mirabilis,endemic,,,,,G3,Valley Bottoms and Adjacent Foothills,Clark/Lincoln/Nye cos; Tonopah section & East Mts Mojave; dry playas/open calcareous valleys; 945-1676m; ~9600km2; only Nyctaginaceae endemic,Central Great Basin,Tonopah Section
Monardella muriculata,Monardella,endemic,,,,,,Two or Few Mountain Ranges,Eugene Mts & Humboldt Range; Pershing Co; shaley limestone slopes; steep cirque & exposed ridgelines 2280-2591m,Central Great Basin,Lahontan Section
Oreocarya insolita,Oreocarya,endemic,,Critically Endangered,BLM Sensitive,,,Groundwater Springs,Las Vegas Valley only; Clark Co; Colorado River section Mojave; alkaline spring mounds; presumed historically extinct - site now urbanized ~610-672m,Mojave Desert,Colorado River Section
Oreocarya welshii,Oreocarya,endemic,,,,,G4,Valley Bottoms and Adjacent Foothills,Lincoln/Nye/White Pine cos; Tonopah & Calcareous Mts sections; White River Valley east to Cave/Lake/Spring valleys; chalky clay/calcareous soils 1400-2089m,Central Great Basin,Calcareous Mountains Section
Pedicularis semibarbata var. charlestonensis,Pedicularis,endemic,,,,,G4,Spring Mountains,Spring Mts & Sheep Range; Clark Co; canyon slopes/hillsides/dry gravelly meadows; limestone 2134-2744m,Mojave Desert,East Mountains Section
Penstemon arenarius,Penstemon,endemic,,,BLM Sensitive,Forest Service Region 4 Sensitive,G2,Deep Loose Sand,Churchill/Mineral/Nye cos; Lahontan & Tonopah CGB & East Mts Mojave; sand flats/deep sand; Carson Sink/Fortymile Desert/Big Smoky Valley 1219-1803m,Central Great Basin,Lahontan Section
Penstemon floribundus,Penstemon,endemic,,,BLM Sensitive,,G2,One Mountain Range,Jackson Mts only; Humboldt Co; Lahontan section; dark limestone ridges; Bottle Creek to King Lear Peak to McGill Canyon; 1200-2380m,Central Great Basin,Lahontan Section
Penstemon leiophyllus var. keckii,Penstemon,endemic,,,,Forest Service Region 4 Sensitive,G3,Spring Mountains,Spring Mts Clark Co; drier soils open screes talus; 2499-3633m,Mojave Desert,East Mountains Section
Penstemon moriahensis,Penstemon,endemic,,,BLM Sensitive,Forest Service Region 4 Sensitive,G2,Two or Few Mountain Ranges,Schell Creek Range/Snake Range/Kern Mts; White Pine Co only; carbonate soils 2166-2991m,Central Great Basin,Calcareous Mountains Section
Penstemon palmeri var. macranthus,Penstemon,endemic,,,BLM Sensitive,,G4,Foothills,Churchill/Mineral/Nye/Pershing cos; Lahontan/Central/Tonopah sections; Carson Sink/Dixie Valley/Monitor & Hot Creek ranges; light-colored tuffaceous rock 1045-2195m,Central Great Basin,Lahontan Section
Penstemon procerus var. modestus,Penstemon,endemic,,,,,G5,Two or Few Mountain Ranges,Ruby Mts & East Humboldt Range only; Elko Co; Central section; moist soils to dry outcrops; meadows/conifers/alpine 2438-3231m,Central Great Basin,Lahontan Section
Penstemon pudicus,Penstemon,endemic,,,BLM Sensitive,Forest Service Region 4 Sensitive,G1,Two or Few Mountain Ranges,Hot Creek & Kawich ranges; Nye Co only; Central & Tonopah sections; volcanic outcrops steep protected N/NE/E slopes 2286-3049m,Central Great Basin,Tonopah Section
Penstemon rhizomatosus,Penstemon,endemic,,,,Forest Service Region 4 Sensitive,G1,One Mountain Range,Schell Creek Range only; White Pine Co; Calcareous Mts section; limestone talus; Schellbourne Pass to Cave Mtn; 2850-3429m; ~75km crest,Central Great Basin,Calcareous Mountains Section
Penstemon rubicundus,Penstemon,endemic,,,BLM Sensitive,Forest Service Region 4 Sensitive,G2,Deep Loose Sand,Mineral Co (Wassuk Range primary) + Douglas Co disjunct; Reno section; tufa shores Walker Lake to sandy midslopes; 1250-2316m,Central Great Basin,Reno Section
Penstemon thompsoniae var. jaegeri,Penstemon,endemic,,,,,,Spring Mountains,Spring Mts & Sheep Range; Clark Co; East Mts section Mojave; knolls/slopes/ridges/flats; limestone 1710-2896m,Mojave Desert,East Mountains Section
Penstemon tiehmii,Penstemon,endemic,,,BLM Sensitive,,G1,One Mountain Range,Shoshone Range north end only; Lander Co; Central section; glaciated cirque Mt Lewis; 2286-2926m,Central Great Basin,Central Section
Phacelia beatleyae,Phacelia,endemic,,,BLM Sensitive,,G3,Valley Bottoms and Adjacent Foothills,Nye Co; Nevada National Security Site & Desert NWR only; East Mts section Mojave; washes/canyons/slopes loose gravel/scree 1067-1630m,Central Great Basin,Tonopah Section
Phacelia filiae,Phacelia,endemic,,,BLM Sensitive,,G3,Valley Bottoms and Adjacent Foothills,Clark & Nye cos; East Mts section Mojave; Rock Valley to Nevada National Security Site; white tuffaceous/alkaline limestone soils 706-1293m,Central Great Basin,Tonopah Section
Phacelia glaberrima,Phacelia,endemic,,,BLM Sensitive,,G3,Charismatic Edaphic Moderate Elevations,Churchill/Humboldt/Lander/Lyon/Mineral/Pershing cos; Lake section NGB & western CGB sections; alkaline clay from volcanic ash/tuff; 1158-2043m; ~320km N-S,Central Great Basin / Northern Great Basin,Lahontan-Central-Reno-Tonopah Sections / Lake Section
Phacelia hastata var. charlestonensis,Phacelia,endemic,,,,,G5,Two or Few Mountain Ranges,Clark & Nye cos; Spring Mts (primary) + Kawich & Quinn Canyon ranges + Lincoln Co; Tonopah/Calcareous Mts/East Mts sections; 1350-2591m,Central Great Basin,Calcareous Mountains Section
Physaria hitchcockii var. confluens,Physaria,endemic,,,,,G3,Two or Few Mountain Ranges,Schell Creek/Grant/Quinn Canyon ranges; Nye & White Pine cos; Calcareous Mts section; loose limestone gravels 2133-3353m,Central Great Basin,Calcareous Mountains Section
Physaria hitchcockii var. hitchcockii,Physaria,endemic,,,,Forest Service Region 4 Sensitive,G3,Spring Mountains,Spring Mts & Sheep Range; Clark Co; ridges & open meadows; limestone 2362-3618m,Mojave Desert,East Mountains Section
Physaria pendula,Physaria,endemic,,,BLM Special Status,,G2,Valley Bottoms and Adjacent Foothills,Lincoln/Nye/White Pine cos; Egan to Pahranagat ranges; Tonopah & Calcareous Mts sections; light colored clay/silt/sand/gravels 1591-2075m,Central Great Basin,Calcareous Mountains Section
Polemonium nevadense,Polemonium,endemic,,,,,G1,One Mountain Range,Santa Rosa Range only; Humboldt Co; Lake section NGB; Hinkey Summit area; SW-facing volcanic & E-facing granitic cliffs 2500-2884m; only 3 collections,Northern Great Basin,Lake Section
Porophyllum pygmaeum,Porophyllum,endemic,,,,,G2,Foothills,Desert & Sheep ranges; Clark Co; Desert NWR; East Mts section Mojave; dry rocky carbonate soils alluvial fans 1355-1920m,Mojave Desert,East Mountains Section
Potentilla hookeriana var. charletii,Potentilla,endemic,,,,,G4,One Mountain Range,South Snake Range only; White Pine Co; Wheeler Peak area & Bald Mtn; quartzite talus open alpine fellfields; 3475-3524m,Central Great Basin,Calcareous Mountains Section
Potentilla johnstonii,Potentilla,endemic,,,,Forest Service Region 4 Sensitive,G1,One Mountain Range,Quinn Canyon Range only; Nye Co; Cherry Creek Summit; loamy to humic soil N-facing rocky slopes; 2286-2499m,Central Great Basin,Calcareous Mountains Section
Primula capillaris,Primula,endemic,,,,Forest Service Region 4 Sensitive,G1,One Mountain Range,Ruby Mts only; Elko Co; Central section; N & W-facing glacial cirques; moist seasonally saturated loamy soils glacial till; 2713-3050m,Central Great Basin,Central Section
Primula nevadensis,Primula,endemic,,,,Forest Service Region 4 Sensitive,G2,Two or Few Mountain Ranges,Snake Range (south) & Grant Range; Nye & White Pine cos; Calcareous Mts section; limestone substrates; cliff crevices/talus/shallow caves 2585-3536m,Central Great Basin,Calcareous Mountains Section
Psorothamnus kingii,Psorothamnus,endemic,,,BLM Special Status,,G3,Deep Loose Sand,Churchill & Humboldt cos; Lahontan section; active dunes/interdune flats; Winnemucca dunes/Hot Springs Mts/Blowsand Mtn; 1219-1524m,Central Great Basin,Lahontan Section
Ranunculus legerae,Ranunculus,endemic,,,BLM Sensitive,,,Foothills,Adobe Range; Elko Co; 2 adjacent hilly areas NW of Elko; moist loamy clay N/E/S exposures low hills; Nevada's most recent endemic addition,Central Great Basin,Central Section
Salvia dorrii var. clokeyi,Salvia,endemic,,,BLM Special Status,,G5,Spring Mountains,Spring Mts & Sheep Range; Clark Co; gravelly to rocky soils ridges/slopes/drainages; limestone 2134-2987m,Mojave Desert,East Mountains Section
Sclerocactus nyensis,Sclerocactus,endemic,,Protected,BLM Sensitive,,G1,Foothills,Esmeralda & Nye cos; Tonopah section; southern Big Smoky Valley & San Antonio Mts; rhyolite/tuff/basalt/limestone rocky soils 1500-1700m; NRS 527; poaching threat,Central Great Basin,Central Section
Silene clokeyi,Silene,endemic,,,,Forest Service Region 4 Sensitive,G1,Spring Mountains,Spring Mts Clark Co; moist soils/spring areas/snow depressions/avalanche chutes; 2560-3633m,Mojave Desert,East Mountains Section
Sonnea glomerata,Sonnea,endemic,,,BLM Sensitive,Forest Service Region 4 Sensitive,G2,Charismatic Edaphic Moderate Elevations,Carson City/Storey/Washoe cos; Sierra Nevada region & Reno section; co-occurs with Eriogonum robustum; hydrothermal andesite 1311-2027m,Central Great Basin,Reno Section
Sphaeralcea caespitosa var. williamsiae,Sphaeralcea,endemic,,,BLM Sensitive,Forest Service Region 4 Sensitive,G2,Valley Bottoms,Nye Co only; Central & Tonopah sections; Railroad Valley to Sand Spring Valley; gravelly alluvium/sandy clay 1454-1632m; only Malvaceae endemic,Central Great Basin,Calcareous Mountains Section
Sphaeromeria compacta,Sphaeromeria,endemic,,,,Forest Service Region 4 Sensitive,G2,Spring Mountains,Spring Mts Clark Co; drier soils open screes talus; 2652-3633m; above treeline,Mojave Desert,East Mountains Section
Spiranthes infernalis,Spiranthes,endemic,,,BLM Special Status,,G2,Ash Meadows,Ash Meadows; permanently to seasonally wet alkaline meadows near spring outflows 610-670m; only Orchidaceae endemic to NV; no federal/state protection,Mojave Desert,Amargosa Section
Synthyris ranunculina,Synthyris,endemic,,,,Forest Service Region 4 Sensitive,G1,Spring Mountains,Spring Mts Clark Co; moist soils spring/seep areas/drainage bottoms/snow depressions; 2652-3633m,Mojave Desert,East Mountains Section
Toiyabea alpina,Toiyabea,endemic,,,,Forest Service Region 4 Sensitive,G2,Two or Few Mountain Ranges,Toiyabe/Toquima/Hot Creek ranges; Lander & Nye cos; coarse sand/gravel igneous boulders/limestone/siliceous ash flow tuffs; 3048-3377m; only species in monotypic genus,Central Great Basin,Central Section
Tonestus graniticus,Tonestus,endemic,,,BLM Sensitive,,G1,Two or Few Mountain Ranges,Lone Mountain (primary) & Silver Peak Range; Esmeralda Co; Tonopah section; granitic pluton & volcanic rock; narrow canyons N-facing outcrops; 2058-2372m; discovered Silver Peak Range 2023,Central Great Basin,Tonopah Section
Trifolium andinum var. podocephalum,Trifolium,endemic,,,BLM Sensitive,Forest Service Region 4 Sensitive,G3,Two or Few Mountain Ranges,Horse Range/Schell Creek Range/Delamar Mts; Lincoln/Nye/White Pine cos; Calcareous Mts & Tonopah sections; rock crevices volcanic/carbonate 2100-2256m,Central Great Basin,Calcareous Mountains Section
Trifolium rollinsii,Trifolium,endemic,,,,Forest Service Region 4 Sensitive,G2,One Mountain Range,Toiyabe Range only; Lander & Nye cos; Central section; range spine north of Toiyabe Range Peak to South Toiyabe Peak; siliceous metamorphic talus 3018-3127m; ~30km extent,Central Great Basin,Central Section
Sarcobatus baileyi,Sarcobatus,near-endemic,,,,,,Near-endemic Broadly Distributed,10 western & central counties; dominates Lahontan salt desert shrublands & Tonopah Basin foothills; just enters CA Mono Co Fish Lake Valley; 1200-2012m,Central Great Basin,Tonopah Section
Astragalus kentrophyta var. ungulatus,Astragalus,near-endemic,,,,,,Near-endemic Broadly Distributed,7 counties; Lake section NGB + Reno/Central/Calcareous Mts/Bonneville sections CGB; enters CA Mono Basin 0.5km from state line; edaphic white clay/ash; 1372-2152m,Central Great Basin / Northern Great Basin,Reno-Central-Calcareous Mts-Bonneville Sections / Lake Section
Physaria cordiformis,Physaria,near-endemic,,,,,,Near-endemic Broadly Distributed,Churchill/Elko/Esmeralda/Eureka/Lander/Mineral/Nye cos + Owyhee Uplands; also CA Clark & Grapevine Mts/Inyo Mts; and ID Cassia Co; 1524-3364m,Northern Great Basin,Owyhee Uplands Section
Tripterocalyx crux-maltae,Tripterocalyx,near-endemic,,,,,,Near-endemic Broadly Distributed,11 counties; Reno/Lahontan/Tonopah sections; Winnemucca dunes to Carson Sink to Walker Lake; enters CA Honey Lake Valley ~10km; psammophyte; 991-1707m,Central Great Basin,Reno Section
Orcuttia nevadensis,Orcuttia,near-endemic,,,,,,Near-endemic Broadly Distributed,7 counties; Lahontan & Tonopah basins; stabilized sand dunes/washes; enters CA Owens Valley Inyo Co ~60km disjunct; 1161-1814m,Central Great Basin,Tonopah Section
Lepidium montanum var. nevadense,Lepidium,near-endemic,,,BLM Sensitive,,,Near-endemic Restricted,Near Denio; Humboldt Co; Lake section NGB; continues ~6km into Harney Co OR; silty/sandy valley floors & dunes; 1265-1524m; ~40km extent,Northern Great Basin,Lake Section
Potentilla basaltica,Potentilla,near-endemic,,,BLM Sensitive,,G2,Near-endemic Restricted,Soldier Meadows & Calico Mts; Humboldt Co; Lake section NGB; disjunct site Modoc Co CA ~135km west; moist alkaline flat meadows; 1370-1404m,Northern Great Basin,Lake Section
Ivesia webberi,Ivesia,near-endemic,Threatened,Critically Endangered,BLM Sensitive,Threatened (ESA),G2,Near-endemic Restricted,Douglas & Washoe cos + Sierra Nevada region; Peavine Mtn/Carson Range/Pyramid Lake/Pine Nut Mts; enters CA Seven Lakes Mtn/Sierra Valley/Dog Valley 1.6-18km; 1399-2286m,Sierra Nevada,Sierra Nevada Region
Erythranthe carsonensis,Erythranthe,near-endemic,Under Review,,BLM Sensitive,,G2,Near-endemic Restricted,Carson City/Douglas/Lyon/Washoe cos; Reno section; Washoe/Eagle/Carson valleys + Pine Nut Mts foothills; enters CA Bodie Hills ~200m; coarse sandy granitic alluvium; 1402-1739m,Central Great Basin,Reno Section
Astragalus oophorus var. lavinii,Astragalus,near-endemic,,,BLM Sensitive,Forest Service Region 4 Sensitive,G4,Near-endemic Restricted,Carson City/Douglas/Lyon cos; Reno section + adjacent Sierra Nevada; Pine Nut Mts/Nevada Hill/Wellington Hills/Pine Grove Hills/Sweetwater Mts/Bodie Hills; enters CA ~8km Masonic Mtn; 1396-2393m,Sierra Nevada,Sierra Nevada Region
Eremothera nevadensis,Eremothera,near-endemic,,,BLM Sensitive,,G3,Near-endemic Restricted,Carson City/Churchill/Douglas/Lyon/Pershing/Storey/Washoe cos; Reno & Lahontan sections; Nightingale Mts to Virginia Range/Pine Nut Mts; enters CA Bodie Hills ~200m; alkaline/sandy; 1219-2134m,Central Great Basin,Reno Section
Eriogonum alexanderae,Eriogonum,near-endemic,,,BLM Sensitive,Forest Service Region 5 Sensitive/Watch,G5,Near-endemic Restricted,Douglas/Lyon/Mineral/Washoe cos; Reno & Tonopah sections; Hungry Range to Pine Nut Mts/East Walker River/Wassuk Range; enters CA Bodie Hills ~200m; light-colored barren clay slopes; 1427-2164m,Central Great Basin,Reno Section
Polyctenium williamsiae,Polyctenium,near-endemic,Protected,Protected,BLM Sensitive,Forest Service Region 4 Sensitive,G2,Near-endemic Restricted,Lyon/Mineral/Nye/Washoe cos; Reno & Tonopah sections; Virginia Range to Kawich Range; enters CA Mono Co Larkin Lake; barren sandy/clayey/muddy seasonal lake margins; 1341-2720m,Central Great Basin,Reno Section
Nevada holmgrenii,Nevada,near-endemic,,,BLM Sensitive,,G3,Near-endemic Restricted,Lander/Nye cos (Central section primary) + Humboldt/Pershing (Lahontan) + Elko/White Pine (Ruby Mts); disjunct ID ~420km; rock crevices/outcrops/cliffs/ridges; 2195-3506m,Central Great Basin / Northern Great Basin,Central Section / Owyhee Uplands & Lahontan Sections
Eriogonum ovalifolium var. caelestinum,Eriogonum,near-endemic,,,,,G5,Near-endemic Restricted,Toiyabe & Toquima ranges; Lander & Nye cos; Central section; disjunct pops in CA Sierra Nevada Mono Co (Dunderberg Peak/Mammoth Lakes); granitic/metavolcanic; 1890-3566m,Central Great Basin,Central Section
Penstemon barnebyi,Penstemon,near-endemic,,,,,,Near-endemic Restricted,Elko/White Pine/Nye/Lincoln cos; Central/Calcareous Mts sections; Cedar Ridge to Pahranagat Range; also Mineral & Esmeralda cos; enters CA White Mts ~0.5km; PJ woodlands; 1524-2484m,Central Great Basin,Tonopah Section
Lepidium nanum,Lepidium,near-endemic,,,,,G3,Near-endemic Restricted,Elko/Eureka/Lincoln/Nye/White Pine cos; Central & Calcareous Mts sections; Goose Creek to Monitor Valley; enters UT Tooele Co; semi-barren alkaline clay tuffaceous knolls; 1524-2195m,Central Great Basin,Central Section
Draba pedicellata var. pedicellata,Draba,near-endemic,,,,,G3,Near-endemic Restricted,Elko/Eureka/Nye/White Pine cos; Central & Calcareous Mts sections; 17 eastern NV mountain ranges; enters UT Deep Creek Mts ~10km; limestone/dolomite/quartzite; 2039-3499m,Central Great Basin,Central / Calcareous Mountains Sections
Draba pennellii,Draba,near-endemic,,,BLM Special Status,Forest Service Region 4 Sensitive,G2,Near-endemic Restricted,Elko & White Pine cos; Central & Calcareous Mts sections; East Humboldt to Snake Range; enters UT Deep Creek Mts ~13km; limestone/quartzite/volcanic; 1860-3848m,Central Great Basin,Calcareous Mountains Section
Potentilla holmgrenii,Potentilla,near-endemic,,,,,G2,Near-endemic Restricted,Schell Creek Range & Snake Range (Mt Moriah/The Table/Wheeler Peak/Bald Mtn); White Pine Co; enters UT Deep Creek Mts Juab Co ~66km; alpine turf/fellfields; 2895-3622m,Central Great Basin,Calcareous Mountains Section
Frasera gypsicola,Frasera,near-endemic,,Protected,BLM Sensitive,,G2,Near-endemic Restricted,White River Valley; Nye & White Pine cos; Calcareous Mts section; enters UT Millard Co ~2km from NV border; open alkaline silty-clay calcareous barren flats; state protected,Central Great Basin,Calcareous Mountains Section
Astragalus lentiginosus var. sesquimetralis,Astragalus,near-endemic,Under Review,Protected,BLM Sensitive,,G5,Near-endemic Restricted,Esmeralda/Mineral/Nye cos; Tonopah section & Amargosa Mojave; alkaline playas/flats; enters CA Inyo Co Death Valley ~6km; moist salt-encrusted soils; 951-1420m,Central Great Basin,Tonopah Section
Lewisia maguirei,Lewisia,near-endemic,,,BLM Sensitive,Forest Service Region 4 Sensitive,G2,Near-endemic Restricted,White Pine/Nye/Lincoln/Clark cos; Calcareous Mts/Tonopah/East Mts sections; enters UT Millard Co Tunnel Springs Mts ~26km; steep slopes/ridgelines carbonate gravel/scree; 1860-2362m,Central Great Basin,Tonopah Section
Lathyrus hitchcockianus,Lathyrus,near-endemic,,,BLM Sensitive,,G2,Near-endemic Restricted,Nye Co + Inyo Co CA; Amargosa section Mojave; Grapevine Mts/Bullfrog Hills/Yucca Mtn; enters CA Fall Canyon only ~200m; rocky drainage bottoms/canyon washes; 1067-1951m,Mojave Desert,Amargosa Section
Astragalus geyeri var. triquetrus,Astragalus,near-endemic,Under Review,Protected,BLM Sensitive,,G4,Near-endemic Restricted,Clark & Lincoln cos; Colorado River section Mojave; Dry Lake Valley/Valley of Fire/Lake Mead/Moapa Valley/Mormon Mesa; enters AZ Mohave Co ~2km; sand/gravels; 335-854m,Mojave Desert,Colorado River Section
Penstemon bicolor,Penstemon,near-endemic,,,,,,Near-endemic Restricted,Clark Co; East Mts & Colorado River sections Mojave; Spring Mts/Pahrump east to Desert NWR & Lake Mead; enters CA Castle Mts ~8km; enters AZ ~20km; calcareous/igneous soils; 259-1591m,Mojave Desert,East Mountains Section
Ivesia jaegeri,Ivesia,near-endemic,,,BLM Sensitive,Forest Service Region 4 Sensitive,G2,Near-endemic Restricted,Spring Mts Clark Co (primary) + Clark Mts CA San Bernardino Co ~20km from NV; East Mts section Mojave; shaded crevices/ridges vertical limestone; 1585-3633m,Mojave Desert,East Mountains Section
Eriogonum viscidulum,Eriogonum,near-endemic,,Protected,BLM Sensitive,,G2,Near-endemic Restricted,Clark Co; Colorado River section Mojave; Mesquite/Moapa Valley/Mormon Mesa/Gold Butte; enters AZ Mohave Co ~2km; sandy/clay flats/slopes Larrea shrublands; 375-745m,Mojave Desert,Colorado River Section
Arctomecon californica,Arctomecon,near-endemic,,Protected,BLM Sensitive,,G1,Near-endemic Restricted,Las Vegas Valley east to Lake Mead NRA; Clark Co; also AZ canyon of Colorado River ~20km; dry shale badlands hummocky high gypsum soil; 323-1110m; pollinator specialist Mojave poppy bee; declining,Mojave Desert,Colorado River Section
Grindelia fraxinipratensis,Grindelia,near-endemic,Threatened,Protected,BLM Sensitive,,G2,Ash Meadows,Ash Meadows Nye Co (primary) + immediately adjacent Inyo Co CA; saturated meadows/edges of standing water/moist alkaline swales; 626-701m,Mojave Desert,Amargosa Section
Arctomecon merriamii,Arctomecon,near-endemic,,,BLM Sensitive,,G3,Near-endemic Restricted,Clark Co (central) + CA Inyo & San Bernardino cos; broad distribution wide variety soils; 577-1798m,Mojave Desert,East Mountains Section
Chloropyron tecopense,Chloropyron,near-endemic,Under Review,,BLM Sensitive,,G2,Near-endemic Restricted,Gap Spring Fish Lake Valley Esmeralda Co (higher elevations 1417-1439m) + west of Ash Meadows CA Carson Slough + Tecopa Inyo Co CA (lower 421-764m); moist alkaline seeps/flats,Central Great Basin,Tonopah Section
Anelsonia eurycarpa,Anelsonia,disjunct,,,,,G4,Disjunct,NW Washoe Co (Little High Rock Reservoir); ~286km NNE from nearest CA occurrence; ~513km SW from Idaho; specialized soils 1600m,Northern Great Basin,Lake Section
Aphyllon pinorum,Aphyllon,disjunct,,,,,G4,Disjunct,White Pine Range; White Pine Co; ~496km SE of nearest OR occurrence (Steens Mtn); ~1070km WNW from NM,Central Great Basin,Calcareous Mountains Section
Astragalus cimae var. cimae,Astragalus,disjunct,,,BLM Sensitive,,G3,Disjunct,Wassuk Range Mineral Co & south Monitor Range Nye Co; ~205km from nearest CA occurrence Inyo Mts; two NV locations ~180km apart,Central Great Basin,Reno Section
Astragalus gilmanii,Astragalus,disjunct,,,BLM Sensitive,,G2,Disjunct,Groom Range; Lincoln Co; ~184km from nearest CA occurrence Panamint Mts Inyo Co,Central Great Basin,Tonopah Section
Astragalus inyoensis,Astragalus,disjunct,,,,Forest Service Region 5 Sensitive/Watch,G3,Disjunct,Groom Range; Lincoln Co; ~171km from nearest CA occurrence Last Chance Mts Inyo Co,Central Great Basin,Tonopah Section
Astragalus megacarpus,Astragalus,disjunct,,,,,,Disjunct,Adobe Range/Elko Hills/Cedar Ridge/Pinon Range; SW Elko & adj N Eureka cos; ~225km from nearest UT occurrence Millard Co; low juniper bluffs/knolls,Central Great Basin,Central / Bonneville Sections
Boechera tiehmii,Boechera,disjunct,,,,Forest Service Region 4 Sensitive,G3,Disjunct,Mt Rose Carson Range; Washoe Co (type locality); ~154km NNW from nearest CA occurrence Virginia Lakes Basin Mono Co; Sierra Nevada endemic,Sierra Nevada,Sierra Nevada Region
Cyperus aristulatus,Cyperus,disjunct,,,,,,Disjunct,Lower Lehman Creek; White Pine Co; ~420km ESE from nearest CA site Big Pine Inyo Co,Central Great Basin,Calcareous Mountains Section
Draba brachystylis,Draba,disjunct,,,,Forest Service Region 4 Sensitive,G1,Disjunct,Spring Mts; Clark Co; ~492km SW from nearest UT occurrence San Pitch Mts Juab Co; possibly undescribed species,Mojave Desert,East Mountains Section
Erigeron multiceps,Erigeron,disjunct,,,California BLM Sensitive,Forest Service Region 5 Sensitive/Watch,G2,Disjunct,Bridge Mtn Spring Mts; Clark Co; ~236km E from nearest CA occurrence Kennedy Meadows Sierra Nevada Tulare Co,Mojave Desert,East Mountains Section
Eriogonum mensicola,Eriogonum,disjunct,,,California BLM Sensitive,Forest Service Region 5 Sensitive/Watch,G3,Disjunct,Sheep Range; Clark Co; ~174km E from nearest CA occurrence Panamint Mts Inyo Co,Mojave Desert,East Mountains Section
Gentianella tortuosa,Gentianella,disjunct,,,,,G3,Disjunct,Spring Mts (Charleston Mts); Clark Co; ~308km SSW from nearest UT occurrence Markagunt Plateau,Mojave Desert,East Mountains Section
Lepidium integrifolium,Lepidium,disjunct,,,BLM Sensitive,,G2,Disjunct,Railroad Valley; Nye Co; ~213km from nearest UT occurrence Thermo Hot Springs Beaver Co,Central Great Basin,Tonopah Section
Limonium californicum,Limonium,disjunct,,,,,G4,Disjunct,Near Las Vegas; Clark Co; ~374km NE from nearest CA sites Los Angeles area; also Gila Co AZ,Mojave Desert,Colorado River Section
Lythrum californicum,Lythrum,disjunct,,,,,,Disjunct,Clark/Nye/Humboldt cos; Humboldt Co sites Black Rock Desert ~442km N from nearest CA sites Bishop Inyo Co,Northern Great Basin,Lake Section
Mentzelia mollis,Mentzelia,disjunct,,,BLM Sensitive,,G2,Disjunct,Black Rock Range; Humboldt Co; ~289km SSW from nearest OR occurrence Malheur Co,Northern Great Basin,Lake Section
Musineon divaricatum,Musineon,disjunct,,,,,,Disjunct,White Pine & Eureka cos (long known) + recently Butte & Independence valleys Elko Co; ~386km W from nearest WY occurrence,Central Great Basin / Northern Great Basin,Central / Bonneville Sections / Owyhee Uplands Section
Oreocarya bakeri,Oreocarya,disjunct,,,,,,Disjunct,Tippett Canyon Kern Mts; White Pine Co; ~251km SE from nearest UT occurrence SE of Circleville Garfield Co,Central Great Basin,Calcareous Mountains Section
Parthenium ligulatum,Parthenium,disjunct,,,BLM Sensitive,,G3,Disjunct,Fish Creek Range; Eureka Co; ~404km just north of west from nearest UT occurrence Teasdale Wayne Co; found 2001,Central Great Basin,Central Section
Phacelia inconspicua,Phacelia,disjunct,,Protected,BLM Sensitive,Forest Service Region 4 Sensitive,G2,Disjunct,Humboldt Range & Eugene Mts; Pershing Co (~30km apart); ~478km NE from nearest ID occurrence Pioneer Mts Butte Co; state protected,Central Great Basin,Lahontan Section
Pilostyles thurberi,Pilostyles,disjunct,,,,,G5,Disjunct,Nevada National Security Site west side Frenchman Flat; Nye Co; ~370km N from nearest CA occurrence Borrego Valley San Diego Co,Central Great Basin,Tonopah Section
Primula incana,Primula,disjunct,,,,,G5,Disjunct,North end Butte Valley; Elko Co; ~394km ENE from nearest WY occurrence Uinta Co; ~370km SE from nearest UT occurrence Bryce Canyon Garfield Co,Central Great Basin,Bonneville Section
Ribes oxyacanthoides var. hendersonii,Ribes,disjunct,,,,,,Disjunct,Toiyabe Range; Lander & Nye cos; ~546km just west of due south from nearest ID occurrence Pioneer Mts Custer Co,Central Great Basin,Central Section
Sphaeromeria argentea,Sphaeromeria,disjunct,,,,,G3,Disjunct,4 widely scattered locations; Elko/Nye/White Pine cos; ~452km ENE from nearest WY occurrence Fort Bridger Uinta Co,Central Great Basin,Calcareous Mountains / Bonneville Sections
Spiranthes diluvialis,Spiranthes,disjunct,Threatened,Critically Endangered,BLM Sensitive,,G2,Disjunct,Near Panaca; Lincoln Co; ~207km E to nearest UT occurrence Garfield Co; widely scattered CO/ID/MT/NE/NV/UT/WA/WY,Central Great Basin,Calcareous Mountains Section
Stipa shoshoneana,Stipa,disjunct,,,,,,Disjunct,Belted Range; Nye Co; ~761km SSW from nearest ID occurrence NE Butte Co ID,Central Great Basin,Tonopah Section
Telesonix heucheriformis,Telesonix,disjunct,,,,,G4,Disjunct,Spring Mts; Clark Co; ~729km SSW from nearest UT occurrence Bear River Range Cache Co,Mojave Desert,East Mountains Section
Toxicodendron diversilobum,Toxicodendron,disjunct,,,,,,Disjunct,Virginia Mts west side Pyramid Lake; Washoe Co; ~137km E from nearest CA site Dutch Flat area Nevada Co,Central Great Basin,Reno Section
Woodwardia fimbriata,Woodwardia,disjunct,,,,,,Disjunct,Spring Mts; Clark Co; ~197km E from nearest CA site Greenhorn Mts Kern Co,Mojave Desert,East Mountains Section
Carex petasata,Carex,listed,,,,Forest Service Region 5 Sensitive/Watch,,,NDNH endemism status: Not Evaluated,,
Penstemon albomarginatus,Penstemon,listed,Under Review,,BLM Sensitive,,G1,,Common name: white margined beardtongue,,
Viola lithion,Viola,listed,,,BLM Sensitive,Forest Service Region 4 Sensitive,G1,,NDNH endemism status: Not Evaluated; Common name: rock violet,,
Cirsium mohavense,Cirsium,listed,,,BLM Sensitive,,G3,,NDNH endemism status: Not Evaluated; Common name: Mojave thistle,,
Acmispon argyraeus var. multicaulis,Acmispon,listed,,,BLM Sensitive,,G4,,NDNH endemism status: Not Evaluated; Common name: scrub lotus,,
Townsendia jonesii var. tumulosa,Townsendia,endemic,,,BLM Special Status,Forest Service Region 4 Sensitive,,,Common name: Charleston grounddaisy,,
Glossopetalon pungens var. glabrum,Glossopetalon,listed,,,BLM Sensitive,Forest Service Region 4 Sensitive,,,NDNH endemism status: Not Evaluated; Common name: smooth dwarf greasebush,,
Senecio pattersonensis,Senecio,listed,,,,Forest Service Region 4 Sensitive,G3,,NDNH endemism status: Not Evaluated; Common name: Mono ragwort,,
Trifolium leibergii,Trifolium,listed,,,,Forest Service Region 4 Sensitive,G3,,NDNH endemism status: Not Evaluated; Common name: Leiberg clover,,
Tetradymia tetrameres,Tetradymia,listed,,,,Forest Service Region 5 Sensitive/Watch,,,NDNH endemism status: Not Evaluated; Common name: dune horsebrush,,
Calochortus striatus,Calochortus,listed,,,BLM Sensitive,,G3,,NDNH endemism status: Not Evaluated; Common name: alkali mariposa lily,,
Sclerocactus blainei,Sclerocactus,listed,,"Protected (cactus, yucca, or Christmas tree)",BLM Sensitive,,G1,,Common name: Blaine pincushion,,
Crepis runcinata var. hallii,Crepis,listed,,,,Forest Service Region 5 Sensitive/Watch,G5,,NDNH endemism status: Not Evaluated; Common name: Halls meadow hawksbeard,,
Polemonium chartaceum,Polemonium,listed,,,,Forest Service Region 4 Sensitive,G2,,NDNH endemism status: Not Evaluated; Common name: White Mountains skypilot,,
Sphaeromeria potentilloides var. nitrophila,Sphaeromeria,listed,,,,Forest Service Region 5 Sensitive/Watch,G3,,NDNH endemism status: Not Evaluated; Common name: alkali tansy-sage,,
Piptatherum micranthum,Piptatherum,listed,,,,Forest Service Region 5 Sensitive/Watch,,,NDNH endemism status: Not Evaluated,,
Pinus albicaulis,Pinus,listed,Threatened,,BLM Sensitive,Forest Service Region 5 Sensitive/Watch,G3,,NDNH endemism status: Not Evaluated; Common name: whitebark pine,,
Boechera pinzliae,Boechera,listed,,,,Forest Service Region 5 Sensitive/Watch,G1,,Common name: Pinzl rockcress,,
Antennaria arcuata,Antennaria,listed,,,BLM Sensitive,Forest Service Region 4 Sensitive,G3,,NDNH endemism status: Not Evaluated; Common name: meadow pussytoes,,
Carex scirpoidea ssp. pseudoscirpoidea,Carex,listed,,,,Forest Service Region 5 Sensitive/Watch,,,NDNH endemism status: Not Evaluated,,
Poa abbreviata var. marshii,Poa,listed,,,,Forest Service Region 4 Sensitive,G5,,NDNH endemism status: Not Evaluated; Common name: Marsh bluegrass,,
Enceliopsis argophylla,Enceliopsis,listed,,,BLM Sensitive,,G3,,NDNH endemism status: Not Evaluated; Common name: silverleaf sunray,,
Eriogonum crosbyae var. crosbyae,Eriogonum,listed,,,BLM Sensitive,,G4,,NDNH endemism status: Not Evaluated; Common name: Crosby buckwheat,,
Boechera rigidissima var. 1,Boechera,listed,,,,Forest Service Region 4 Sensitive,G3,,Common name: Galena Creek rockcress,,
Astragalus callithrix,Astragalus,listed,,,BLM Sensitive,,G3,,NDNH endemism status: Not Evaluated; Common name: Callaway milkvetch,,
Astragalus geyeri var. geyeri,Astragalus,listed,,,BLM Special Status,,,,NDNH endemism status: Not Evaluated,,
Astragalus convallarius var. margaretiae,Astragalus,endemic,,,BLM Sensitive,,G5,Foothills Mid-slopes,Common name: Margarets Rushy milkvetch,Central Great Basin,Reno Section
Galium hilendiae ssp. kingstonense,Galium,listed,,,California BLM Sensitive,,G4,,NDNH endemism status: Not Evaluated; Common name: Kingston Mountains bedstraw,,
Carex media,Carex,listed,,,,Forest Service Region 5 Proposed Sensitive/Watch,,,NDNH endemism status: Not Evaluated,,
Horkelia hispidula,Horkelia,listed,,,,Forest Service Region 5 Sensitive/Watch,G3,,Common name: White Mountains horkelia,,
Lomatium packardiae,Lomatium,listed,,,BLM Sensitive,,G2,,Common name: Succor Creek parsley,,
Stenotus lanuginosus,Stenotus,listed,,,BLM Special Status,,G5,,NDNH endemism status: Not Evaluated; Common name: wooly stenotus,,
Astragalus pseudiodanthus,Astragalus,listed,,,BLM Sensitive,,G3,,NDNH endemism status: Not Evaluated; Common name: Tonopah milkvetch,,
Oenothera cavernae,Oenothera,listed,,,BLM Sensitive,,G2,,Common name: Gypsum Cave evening primrose,,
Phacelia mustelina,Phacelia,listed,,,California BLM Sensitive,,G3,,NDNH endemism status: Not Evaluated; Common name: weasel phacelia,,
Sclerocactus schlesseri,Sclerocactus,near-endemic,,"Protected (cactus, yucca, or Christmas tree)",BLM Sensitive,,G1,,Common name: Schlesser pincushion,,
Eriogonum prociduum,Eriogonum,listed,,,BLM Special Status,,G3,,NDNH endemism status: Not Evaluated; Common name: prostrate buckwheat,,
Eriogonum corymbosum var. nilesii,Eriogonum,listed,,,BLM Sensitive,,G5,,NDNH endemism status: Not Evaluated; Common name: Las Vegas buckwheat,,
Cylindropuntia multigeniculata,Cylindropuntia,listed,,Critically Endangered,BLM Sensitive,,G2,,Common name: Blue Diamond cholla,,
Sphenopholis obtusata,Sphenopholis,listed,,,,Forest Service Region 5 Sensitive/Watch,,,NDNH endemism status: Not Evaluated; Common name: prairie wedgegrass,,
Astragalus ensiformis var. gracilior,Astragalus,listed,,,BLM Sensitive,,G3,,Common name: Veyo milkvetch,,
Eriogonum pharnaceoides var. cervinum,Eriogonum,listed,,,BLM Sensitive,,G4,,NDNH endemism status: Not Evaluated; Common name: Deer Lodge buckwheat,,
Hackelia sharsmithii,Hackelia,listed,,,,Forest Service Region 5 Sensitive/Watch,G3,,NDNH endemism status: Not Evaluated; Common name: Sharsmith stickseed,,
Strombocarpa pubescens,Strombocarpa,listed,,,BLM Special Status,,G3,,Common name: screwbean mesquite,,
Lupinus uncialis,Lupinus,listed,,,BLM Special Status,,,,NDNH endemism status: Not Evaluated,,
Penstemon sudans,Penstemon,listed,,,BLM Sensitive,,G4,,NDNH endemism status: Not Evaluated; Common name: Susanville beardtongue,,
Zeltnera namophila,Zeltnera,listed,Threatened,Critically Endangered,BLM Sensitive,,G1,,Common name: spring-loving centaury,,
Linanthus glaber,Linanthus,listed,,,BLM Sensitive,,G2,,NDNH endemism status: Not Evaluated; Common name: Owyhee prickly phlox,,
Pedicularis centranthera,Pedicularis,listed,,,BLM Special Status,,,,NDNH endemism status: Not Evaluated,,
Penstemon bicolor ssp. bicolor,Penstemon,listed,,,BLM Sensitive,,G3,,NDNH endemism status: Not Evaluated; Common name: yellow twotone beardtongue,,
Townsendia leptotes,Townsendia,listed,,,,Forest Service Region 5 Sensitive/Watch,,,NDNH endemism status: Not Evaluated; Common name: narrowleaf grounddaisy,,
Loeflingia squarrosa ssp. artemisiarum,Loeflingia,listed,,,BLM Sensitive,,G5,,NDNH endemism status: Not Evaluated; Common name: sagebrush pygmyleaf,,
Astragalus johannis-howellii,Astragalus,listed,,,BLM Sensitive,Forest Service Region 4 Sensitive,G2,,NDNH endemism status: Not Evaluated; Common name: Long Valley milkvetch,,
Astragalus nyensis,Astragalus,listed,,,BLM Sensitive,,G3,,Common name: Nye milkvetch,,
Astragalus diversifolius,Astragalus,listed,,,BLM Sensitive,,G2,,Common name: meadow milkvetch,,
Boechera falcatoria,Boechera,listed,,,,Forest Service Region 4 Sensitive,,,Common name: Grouse Creek rockcress,,
Phacelia geraniifolia,Phacelia,listed,,,BLM Sensitive,,G2,,Common name: Jaeger phacelia,,
Botrychium lunaria,Botrychium,listed,,,,Forest Service Region 5 Sensitive/Watch,G5,,NDNH endemism status: Not Evaluated; Common name: common moonwort,,
Phacelia inundata,Phacelia,listed,,,BLM Sensitive,,G3,,NDNH endemism status: Not Evaluated; Common name: playa phacelia,,
Hulsea vestita var. inyoensis,Hulsea,listed,,,,Forest Service Region 5 Sensitive/Watch,G5,,NDNH endemism status: Not Evaluated; Common name: Inyo hulsea,,
Astragalus funereus,Astragalus,listed,,,BLM Sensitive,,G2,,NDNH endemism status: Not Evaluated; Common name: black woollypod,,
Carex vallicola,Carex,listed,,,,Forest Service Region 5 Sensitive/Watch,,,NDNH endemism status: Not Evaluated; Common name: Western valley sedge,,
Physocarpus alternans,Physocarpus,listed,,,,Forest Service Region 5 Sensitive/Watch,,,Common name: Nevada Ninebark,,
Oreocarya schoolcraftii,Oreocarya,listed,,,BLM Sensitive,,G3,,Common name: Schoolcraft catseye,,
Astragalus eurylobus,Astragalus,listed,,,BLM Sensitive,,G2,,NDNH endemism status: Not Evaluated; Common name: Needle Mountains milkvetch,,
Cladium californicum,Cladium,listed,,,,Forest Service Region 5 Sensitive/Watch,,,NDNH endemism status: Not Evaluated; Common name: California sawgrass,,
Frasera albomarginata var. induta,Frasera,listed,,,BLM Special Status,,G5,,Common name: Clark Mountain green gentian,,
Cuniculotinus gramineus,Cuniculotinus,listed,,,,Forest Service Region 5 Sensitive/Watch,,,NDNH endemism status: Not Evaluated,,
Eriogonum bifurcatum,Eriogonum,listed,,,BLM Sensitive,,G3,,NDNH endemism status: Not Evaluated; Common name: Pahrump Valley buckwheat,,
Opuntia pulchella,Opuntia,listed,,"Protected (cactus, yucca, or Christmas tree)",BLM Sensitive,Forest Service Region 5 Sensitive/Watch,G3,,Common name: sand cholla,,
Transberingia bursifolia ssp. virgata,Transberingia,listed,,,,Forest Service Region 5 Sensitive/Watch,G4,,Common name: strictwort,,
Hackelia brevicula,Hackelia,listed,,,,Forest Service Region 5 Proposed Sensitive/Watch,G3,,Common name: Poison Canyon stickseed,,
Eriogonum contiguum,Eriogonum,listed,,,BLM Special Status,,G3,,NDNH endemism status: Not Evaluated; Common name: Amargosa buckwheat,,
Chaetadelpha wheeleri,Chaetadelpha,listed,,,,Forest Service Region 5 Sensitive/Watch,,,NDNH endemism status: Not Evaluated; Common name: Wheelers dune-broom,,
Draba asterophora var. asterophora,Draba,listed,,,,Forest Service Region 4 Sensitive,G2,,Common name: Tahoe draba,,
Astragalus kentrophyta var. elatus,Astragalus,listed,,,,Forest Service Region 5 Proposed Sensitive/Watch,,,NDNH endemism status: Not Evaluated,,
Sisyrinchium radicatum,Sisyrinchium,listed,,,BLM Sensitive,,G2,,Common name: Saint George blue eyed grass,,
Potentilla pulcherrima,Potentilla,listed,,,,Forest Service Region 5 Sensitive/Watch,,,Common name: Beautiful cinquefoil,,
Carex duriuscula,Carex,listed,,,,Forest Service Region 5 Sensitive/Watch,,,NDNH endemism status: Not Evaluated,,
Salvia funerea,Salvia,listed,,,BLM Sensitive,,G4,,NDNH endemism status: Not Evaluated; Common name: Death Valley sage,,
Lepidium davisii,Lepidium,listed,,,BLM Sensitive,,G3,,Common name: Davis peppercress,,
Astragalus preussii var. laxiflorus,Astragalus,listed,,,BLM Special Status,,G4,,NDNH endemism status: Not Evaluated; Common name: Littlefield milkvetch,,
Penstemon leiophyllus var. francisci-pennellii,Penstemon,listed,,,BLM Sensitive,,G3,,NDNH endemism status: Not Evaluated; Common name: Pennell beardtongue,,
Petalonyx thurberi ssp. gilmanii,Petalonyx,listed,,,BLM Special Status,,,,NDNH endemism status: Not Evaluated,,
Silene nachlingerae,Silene,endemic,,,BLM Sensitive,Forest Service Region 4 Sensitive,G2,,Common name: Nachlinger catchfly,,
Astragalus calycosus var. monophyllidius,Astragalus,listed,,,BLM Sensitive,,,,NDNH endemism status: Not Evaluated; Common name: one-leaflet Torrey milkvetch,,
Astragalus mohavensis var. hemigyrus,Astragalus,listed,,,BLM Sensitive,,G3,,Common name: halfring milkvetch,,
Mentzelia torreyi,Mentzelia,listed,,,,Forest Service Region 5 Sensitive/Watch,,,NDNH endemism status: Not Evaluated,,
Goodmania luteola,Goodmania,listed,,,,Forest Service Region 5 Sensitive/Watch,G3,,Common name: yellow spinecape,,
Penstemon bicolor ssp. roseus,Penstemon,listed,,,BLM Sensitive,,G3,,NDNH endemism status: Not Evaluated; Common name: rosy twotone beardtongue,,
Agave utahensis var. nevadensis,Agave,listed,,,BLM Sensitive,,G4,,Common name: Clark Mountain agave,,
Atriplex argentea var. longitrichoma,Atriplex,listed,,,BLM Sensitive,,G5,,Common name: Pahrump silverscale,,
Potentilla cottamii,Potentilla,listed,,,BLM Sensitive,,G2,,Common name: Cottam cinquefoil,,
Rorippa subumbellata,Rorippa,listed,,Critically Endangered,BLM Sensitive,Forest Service Region 5 Sensitive/Watch,G1,,Common name: Tahoe yellowcress,,
Populus angustifolia,Populus,listed,,,,Forest Service Region 5 Proposed Sensitive/Watch,,,NDNH endemism status: Not Evaluated,,
Streptanthus oliganthus,Streptanthus,listed,,,BLM Sensitive,Forest Service Region 4 Sensitive,G3,,Common name: Masonic Mountain jewelflower,,
Physaria ludoviciana,Physaria,listed,,,,Forest Service Region 5 Sensitive/Watch,,,Common name: Foothill bladderpod,,
Lupinus holmgrenianus,Lupinus,listed,,,BLM Sensitive,,G2,,NDNH endemism status: Not Evaluated; Common name: Holmgren lupine,,
Astragalus atratus var. mensanus,Astragalus,listed,,,BLM Special Status,,,,NDNH endemism status: Not Evaluated,,
Carex stevenii,Carex,listed,,,,Forest Service Region 5 Proposed Sensitive/Watch,,,NDNH endemism status: Not Evaluated,,
Cymopterus ripleyi var. saniculoides,Cymopterus,listed,,,BLM Special Status,,G3,,Common name: sanicle biscuitroot,,
Abronia nana var. covillei,Abronia,listed,,,,Forest Service Region 5 Sensitive/Watch,,,NDNH endemism status: Not Evaluated; Common name: Coville abronia,,
Botrychium simplex,Botrychium,listed,,,,Forest Service Region 5 Proposed Sensitive/Watch,,,NDNH endemism status: Not Evaluated,,
Erigeron latus,Erigeron,listed,,,BLM Sensitive,,G3,,NDNH endemism status: Not Evaluated; Common name: broad fleabane,,
Boechera bodiensis,Boechera,listed,,,BLM Sensitive,Forest Service Region 4 Sensitive,G3,,Common name: Bodie Hills rockcress,,
Sclerocactus pubispinus,Sclerocactus,listed,,"Protected (cactus, yucca, or Christmas tree)",BLM Sensitive,,G2,,Common name: Great Basin fishhook cactus,,
Anulocaulis leiosolenus var. leiosolenus,Anulocaulis,listed,,,BLM Sensitive,,G4,,NDNH endemism status: Not Evaluated; Common name: Southwestern ringstem,,
Cymopterus globosus,Cymopterus,listed,,,,Forest Service Region 5 Sensitive/Watch,,,Common name: Ball Springparsely,,
Ericameria cervina,Ericameria,listed,,,BLM Sensitive,,G2,,NDNH endemism status: Not Evaluated; Common name: Antelope Canyon goldenbush,,
Eriogonum microtheca var. schoolcraftii,Eriogonum,listed,,,BLM Sensitive,,G5,,Common name: Schoolcraft buckwheat,,
Astragalus lentiginosus var. stramineus,Astragalus,listed,,,BLM Sensitive,,G5,,NDNH endemism status: Not Evaluated; Common name: straw milkvetch,,
Penstemon concinnus,Penstemon,listed,,,BLM Sensitive,Forest Service Region 4 Sensitive,G3,,NDNH endemism status: Not Evaluated; Common name: Tunnel Springs beardtongue,,
Penstemon fruticiformis ssp. amargosae,Penstemon,listed,,,BLM Sensitive,,G4,,NDNH endemism status: Not Evaluated; Common name: Death Valley beardtongue,,
Dryopteris filix-mas,Dryopteris,listed,,,,Forest Service Region 5 Sensitive/Watch,,,NDNH endemism status: Not Evaluated,,
Astragalus serenoi var. shockleyi,Astragalus,listed,,,,Forest Service Region 5 Sensitive/Watch,G4,,NDNH endemism status: Not Evaluated; Common name: Shockley milkvetch,,
Eriogonum phoeniceum,Eriogonum,listed,,,BLM Sensitive,,,,NDNH endemism status: Not Evaluated; Common name: scarlet buckwheat,,
Astragalus lemmonii,Astragalus,listed,,,California BLM Sensitive,Forest Service Region 5 Sensitive/Watch,,,NDNH endemism status: Not Evaluated; Common name: Lemmon milkvetch,,
Ivesia aperta var. aperta,Ivesia,listed,,,BLM Sensitive,Forest Service Region 4 Sensitive,G2,,Common name: Sierra Valley mousetails,,
Penstemon pahutensis,Penstemon,listed,,,BLM Sensitive,,G3,,Common name: Pahute Mesa beardtongue,,
Botrychium crenulatum,Botrychium,listed,,,BLM Sensitive,Forest Service Region 4 Sensitive,G4,,NDNH endemism status: Not Evaluated; Common name: dainty moonwort,,
Astragalus uncialis,Astragalus,listed,,,BLM Sensitive,Forest Service Region 4 Sensitive,G3,,NDNH endemism status: Not Evaluated; Common name: Currant milkvetch,,
Eriogonum rosense var. beatleyae,Eriogonum,listed,,,BLM Sensitive,,,,NDNH endemism status: Not Evaluated; Common name: Beatley buckwheat,,
Oxytheca watsonii,Oxytheca,listed,,,BLM Sensitive,,G2,,NDNH endemism status: Not Evaluated; Common name: Watson spinecup,,
Astragalus oophorus var. lonchocalyx,Astragalus,listed,,,BLM Sensitive,,G4,,NDNH endemism status: Not Evaluated; Common name: long-calyx eggvetch,,
Astragalus pulsiferae var. coronensis,Astragalus,listed,,,BLM Special Status,,G4,,Common name: Rams Horn Spring milkvetch,,
Collomia renacta,Collomia,listed,Under Review,,BLM Sensitive,,G1,,NDNH endemism status: Not Evaluated; Common name: Barren Valley collomia,,
Astragalus anserinus,Astragalus,listed,,,BLM Sensitive,,G2,,Common name: Goose Creek milkvetch,,
Astragalus solitarius,Astragalus,listed,,,BLM Sensitive,,G3,,NDNH endemism status: Not Evaluated; Common name: lonesome milkvetch,,
Viola aurea,Viola,listed,,,,Forest Service Region 5 Sensitive/Watch,,,NDNH endemism status: Not Evaluated; Common name: golden violet,,
Botrychium lineare,Botrychium,listed,,,,Forest Service Region 4 Sensitive,G3,,Common name: slender moonwort,,
Pediomelum castoreum,Pediomelum,listed,,,BLM Sensitive,,G3,,NDNH endemism status: Not Evaluated; Common name: Beaver Dam breadroot,,
Sclerocactus polyancistrus,Sclerocactus,listed,,"Protected (cactus, yucca, or Christmas tree)",BLM Special Status,Forest Service Region 5 Sensitive/Watch,G3,,Common name: hermit cactus,,
Penstemon calcareus,Penstemon,listed,,,,Forest Service Region 5 Sensitive/Watch,,,Common name: limestone beardtongue,,
Aphyllon californicum ssp. grayanum,Aphyllon,listed,,,,Forest Service Region 5 Proposed Sensitive/Watch,,,Common name: Gray broomrape,,
Ivesia rhypara var. rhypara,Ivesia,listed,,,BLM Sensitive,,G2,,Common name: grimy mousetails,,
Phacelia parishii,Phacelia,listed,,,BLM Sensitive,,G3,,NDNH endemism status: Not Evaluated; Common name: Parish phacelia,,
Trifolium eriocephalum var. villiferum,Trifolium,listed,,,BLM Special Status,,G5,,NDNH endemism status: Not Evaluated; Common name: woolly clover,,
Erigeron compactus,Erigeron,listed,,,,Forest Service Region 5 Sensitive/Watch,G3,,NDNH endemism status: Not Evaluated; Common name: mound daisy,,
Phacelia minutissima,Phacelia,listed,,,BLM Sensitive,Forest Service Region 4 Sensitive,G3,,Common name: least phacelia,,
Cymopterus basalticus,Cymopterus,listed,,,BLM Sensitive,,G2,,Common name: shadscale spring parsley,,
Astragalus mokiacensis,Astragalus,listed,,,BLM Sensitive,,G3,,NDNH endemism status: Not Evaluated; Common name: Mokiak milkvetch,,
Thelypodium integrifolium ssp. complanatum,Thelypodium,listed,,,,Forest Service Region 5 Sensitive/Watch,,,Common name: foxtail thelypody,,
Agave utahensis var. eborispina,Agave,listed,,,BLM Sensitive,,G4,,Common name: ivory-spined agave,,
Mentzelia polita,Mentzelia,listed,,,BLM Sensitive,,G2,,Common name: polished blazing star,,
Jamesia americana var. rosea,Jamesia,listed,,,,Forest Service Region 5 Sensitive/Watch,G5,,Common name: Cliffbush,,
Jamesia tetrapetala,Jamesia,listed,,,BLM Sensitive,Forest Service Region 4 Sensitive,G2,,Common name: waxflower,,
Glossopetalon pungens var. pungens,Glossopetalon,endemic,,,BLM Sensitive,,,,Common name: rough dwarf greasebush,,
Astragalus amphioxys var. musimonum,Astragalus,near-endemic,,,BLM Sensitive,,G5,,Common name: Sheep Range milkvetch,,
Nitrophila mohavensis,Nitrophila,listed,Endangered,Critically Endangered,BLM Sensitive,,G1,,Common name: Amargosa niterwort,,
Draba californica,Draba,listed,,,,Forest Service Region 5 Sensitive/Watch,G3,,Common name: California draba,,
Astragalus lentiginosus var. kernensis,Astragalus,listed,,,,Forest Service Region 5 Sensitive/Watch,G5,,NDNH endemism status: Not Evaluated; Common name: Kern Plateau milkvetch,,
Thelypodium milleflorum,Thelypodium,listed,,,,Forest Service Region 5 Sensitive/Watch,G5,,Common name: Many-flowered Thelypody,,
Oryctes nevadensis,Oryctes,listed,,,BLM Sensitive,,G3,,NDNH endemism status: Not Evaluated; Common name: oryctes,,
Cusickiella quadricostata,Cusickiella,listed,,,BLM Sensitive,Forest Service Region 4 Sensitive,G2,,NDNH endemism status: Not Evaluated; Common name: Bodie Hills draba,,
Penstemon thompsoniae ssp. jaegeri,Penstemon,endemic,,,BLM Sensitive,Forest Service Region 4 Sensitive,G4,,Common name: Jaeger beardtongue,,
Botrychium minganense,Botrychium,listed,,,,Forest Service Region 5 Sensitive/Watch,,,NDNH endemism status: Not Evaluated; Common name: Mingan moonwort,,
Carex hallii,Carex,listed,,,,Forest Service Region 5 Proposed Sensitive/Watch,,,NDNH endemism status: Not Evaluated,,
Allium atrorubens var. atrorubens,Allium,listed,,,,Forest Service Region 5 Sensitive/Watch,,,Common name: Dark-red Onion,,
Epilobium nevadense,Epilobium,listed,,,BLM Sensitive,Forest Service Region 4 Sensitive,G3,,NDNH endemism status: Not Evaluated; Common name: Nevada willowherb,,
Astragalus pulsiferae var. pulsiferae,Astragalus,listed,,,BLM Sensitive,,G4,,NDNH endemism status: Not Evaluated; Common name: Ames milkvetch,,
Astragalus yoder-williamsii,Astragalus,listed,,Critically Endangered,BLM Sensitive,,G3,,NDNH endemism status: Not Evaluated; Common name: Osgood Mountains milkvetch,,
Helianthus deserticola,Helianthus,listed,,,BLM Special Status,,G3,,Common name: dune sunflower,,
Phacelia monoensis,Phacelia,listed,,,BLM Sensitive,Forest Service Region 4 Sensitive,G3,,Common name: Mono County phacelia,,
Viola charlestonensis,Viola,listed,,,BLM Special Status,Forest Service Region 4 Sensitive,G3,,NDNH endemism status: Not Evaluated; Common name: Charleston violet,,
Botrychium ascendens,Botrychium,listed,,,,Forest Service Region 4 Sensitive,G4,,NDNH endemism status: Not Evaluated; Common name: upswept moonwort,,
Ladeania lanceolata,Ladeania,listed,,,,Forest Service Region 5 Sensitive/Watch,,,NDNH endemism status: Not Evaluated,,
Lomatium roseanum,Lomatium,listed,,,California BLM Sensitive,,G2,,Common name: adobe parsley,,
Boechera shockleyi,Boechera,listed,,,,Forest Service Region 5 Sensitive/Watch,,,Common name: Shockley rockcress,,
Pinus washoensis,Pinus,listed,,"Protected (cactus, yucca, or Christmas tree)",BLM Sensitive,,G3,,NDNH endemism status: Not Evaluated; Common name: Washoe pine,,
Mentzelia inyoensis,Mentzelia,listed,,,BLM Sensitive,Forest Service Region 5 Sensitive/Watch,G2,,Common name: Inyo blazing star,,
Cirsium tenuisectum,Cirsium,listed,,,BLM Special Status,,G5,,Common name: Keystone Canyon thistle,,
Astragalus hornii var. hornii,Astragalus,listed,,,California BLM Sensitive,,,,Common name: Horn milkvetch,,
Penstemon idahoensis,Penstemon,listed,,,BLM Sensitive,,G2,,Common name: Idaho beardtongue,,
Oreocarya compacta,Oreocarya,listed,,,BLM Sensitive,,G3,,Common name: mound catseye,,
Erigeron uncialis var. uncialis,Erigeron,listed,,,California BLM Sensitive,Forest Service Region 5 Sensitive/Watch,G4,,Common name: limestone daisy,,
Botrychium tunux,Botrychium,listed,,,,Forest Service Region 4 Sensitive,G3,,Common name: moosewort,,
Eriogonum eremicum,Eriogonum,listed,,,BLM Sensitive,,G2,,Common name: hermit buckwheat,,
Ivesia aperta var. canina,Ivesia,listed,,,,Forest Service Region 4 Sensitive,G2,,Common name: Dog Valley ivesia,,
Ivesia kingii var. kingii,Ivesia,listed,,,BLM Sensitive,Forest Service Region 5 Sensitive/Watch,G4,,Common name: alkali mousetails,,
Epilobium canum ssp. garrettii,Epilobium,listed,,,BLM Sensitive,,,,Common name: hummingbird flower,,
Erythranthe calcicola,Erythranthe,listed,,,BLM Special Status,,G3,,Common name: limestone monkeyflower,,
Draba asterophora var. 3,Draba,listed,,,,Forest Service Region 4 Sensitive,,,Common name: Heavenly draba,,
Eriogonum corymbosum var. aureum,Eriogonum,listed,,,BLM Special Status,,G5,,Common name: golden buckwheat,,
Cryptantha clokeyi,Cryptantha,listed,,,BLM Special Status,,G3,,Common name: Clokey cryptantha,,
Claytonia panamintensis,Claytonia,listed,,,BLM Special Status,,G2,,Common name: Panamint spring beauty,,
Eremogone kingii var. glabrescens,Eremogone,listed,,,,Forest Service Region 4 Sensitive,,,Common name: King sandwort,,
Monardella mojavensis,Monardella,listed,,,BLM Sensitive,,G2,,Common name: Mojave Monardella,,
Phacelia anelsonii,Phacelia,listed,,,,,G2,,Common name: Aven Nelson phacelia,,
Arundo donax,Arundo,listed,,,,,G5,,NDNH endemism status: Not Evaluated; Common name: giant reed,,
Ericameria nauseosa var. washoensis,Ericameria,listed,,,,,G5,,NDNH endemism status: Not Evaluated; Common name: Washoe rabbitbrush,,
Frangula obovata,Frangula,listed,,,,,G4,,NDNH endemism status: Not Evaluated; Common name: obovate buckthorn,,
Taeniatherum caput-medusae,Taeniatherum,listed,,,,,G4,,NDNH endemism status: Not Evaluated; Common name: medusahead,,
Tetradymia argyraea,Tetradymia,listed,,,,,G4,,Common name: striped horsebrush,,
Eriogonum gracilipes,Eriogonum,listed,,,,,G3,,NDNH endemism status: Not Evaluated; Common name: raspberry buckwheat,,
Nama depressa,Nama,listed,,,,,G4,,NDNH endemism status: Not Evaluated; Common name: dwarf purple mat,,
Sphaeromeria potentilloides var. potentilloides,Sphaeromeria,listed,,,,,G3,,NDNH endemism status: Not Evaluated; Common name: cinquefoil tansy,,
Conium maculatum,Conium,listed,,,,,G5,,NDNH endemism status: Not Evaluated; Common name: poison hemlock,,
Atriplex bonnevillensis,Atriplex,listed,,,,,G2,,Common name: Bonneville saltbush,,
Eremogone congesta var. simulans,Eremogone,listed,,,,,G5,,Common name: Lassen sandwort,,
Elatine californica,Elatine,listed,,,,,G5,,Common name: California Waterwort,,
Chaenactis nevadensis,Chaenactis,listed,,,,,G3,,Common name: Sierra pincushion,,
Galium matthewsii,Galium,listed,,,,,G3,,NDNH endemism status: Not Evaluated; Common name: Matthews bedstraw,,
Hesperocallis undulata,Hesperocallis,listed,,,,,G3,,Common name: desert lily,,
Oxystylis lutea,Oxystylis,listed,,,,,G3,,Common name: spiny caper,,
Phacelia peirsoniana,Phacelia,listed,,,,,G3,,NDNH endemism status: Not Evaluated; Common name: Pierson phacelia,,
Cleomella parviflora,Cleomella,listed,,,,,G3,,Common name: Small-flower Rhombo-pod,,
Oxytropis besseyi var. argophylla,Oxytropis,listed,,,,,G5,,NDNH endemism status: Not Evaluated; Common name: silverleaf red loco,,
Penstemon leonardii var. patricus,Penstemon,listed,,,,,G4,,NDNH endemism status: Not Evaluated; Common name: dads penstemon,,
Ericameria parryi var. aspera,Ericameria,listed,,,,,G5,,NDNH endemism status: Not Evaluated; Common name: rough rabbitbrush,,
Draba subumbellata,Draba,listed,,,,,G3,,Common name: White Mountains cushion draba,,
Astragalus lentiginosus var. semotus,Astragalus,listed,,,,,G5,,NDNH endemism status: Not Evaluated; Common name: White Mountains milkvetch,,
Penstemon davidsonii var. praeteritus,Penstemon,listed,,,,,G4,,NDNH endemism status: Not Evaluated; Common name: timberline beardtongue,,
Carex sheldonii,Carex,listed,,,,,G4,,NDNH endemism status: Not Evaluated; Common name: Sheldon sedge,,
Crossosoma bigelovii var. bigelovii,Crossosoma,listed,,,,,G5,,NDNH endemism status: Not Evaluated; Common name: Bigelows crossoma,,
Fimbristylis thermalis,Fimbristylis,listed,,,,,G4,,Common name: hotspring feathersedge,,
Linaria dalmatica,Linaria,listed,,,,,G5,,NDNH endemism status: Not Evaluated; Common name: Dalmatian toadflax,,
Glossopetalon pungens,Glossopetalon,listed,,,,,G2,,NDNH endemism status: Not Evaluated; Common name: dwarf greasebush,,
Potentilla multisecta,Potentilla,listed,,,,,G3,,Common name: Great Basin cinquefoil,,
Hymenopappus filifolius var. tomentosus,Hymenopappus,listed,,,,,G5,,NDNH endemism status: Not Evaluated; Common name: cobweb hymenopappus,,
Eriogonum darrovii,Eriogonum,listed,,,,,G2,,NDNH endemism status: Not Evaluated; Common name: Darrow buckwheat,,
Carex limosa,Carex,listed,,,,,G5,,NDNH endemism status: Not Evaluated; Common name: mud sedge,,
Phlox stansburyi ssp. superba,Phlox,listed,,,,,G5,,NDNH endemism status: Not Evaluated; Common name: inchtube phlox,,
Laphamia intricata,Laphamia,listed,,,,,G3,,Common name: desert rockdaisy,,
Berberis haematocarpa,Berberis,listed,,,,,G5,,Common name: Algerita,,
Chaenactis alpigena,Chaenactis,listed,,,,,G3,,NDNH endemism status: Not Evaluated; Common name: southern sierra pincushion,,
Lathyrus laetivirens,Lathyrus,listed,,,,,G4,,NDNH endemism status: Not Evaluated; Common name: bright sweetpea,,
Pyrrocoma apargioides,Pyrrocoma,listed,,,,,G3,,NDNH endemism status: Not Evaluated; Common name: alpine flames,,
Ribes oxyacanthoides ssp. hendersonii,Ribes,listed,,,,,G5,,Common name: Hendersons Gooseberry,,
Rhinotropis heterorhyncha,Rhinotropis,listed,,,,,G3,,NDNH endemism status: Not Evaluated; Common name: notchbeak milkwort,,
Peteria thompsonae,Peteria,listed,,,,,G4,,NDNH endemism status: Not Evaluated; Common name: spiny-node milkvetch,,
Mentzelia reflexa,Mentzelia,listed,,,,,G3,,NDNH endemism status: Not Evaluated; Common name: Panamint stickleaf,,
Penstemon pratensis,Penstemon,listed,,,,,G4,,NDNH endemism status: Not Evaluated; Common name: western whiteflower beardtongue,,
Plagiobothrys mollis,Plagiobothrys,listed,,,,,G4,,NDNH endemism status: Not Evaluated; Common name: creeping plagiobothrys,,
Centaurea diffusa,Centaurea,listed,,,,,,,NDNH endemism status: Not Evaluated; Common name: diffuse knapweed,,
Scutellaria sapphirina,Scutellaria,listed,,,,,G3,,NDNH endemism status: Not Evaluated; Common name: White Pine skullcap,,
Selaginella leucobryoides,Selaginella,listed,,,,,G4,,Common name: Mojave spikemoss,,
Grusonia parishii,Grusonia,listed,,,,,G3,,Common name: Parish club-cholla,,
Penstemon floridus var. floridus,Penstemon,listed,,,,,G3,,NDNH endemism status: Not Evaluated; Common name: Panamint beardtongue,,
Frasera puberulenta,Frasera,listed,,,,,G4,,NDNH endemism status: Not Evaluated; Common name: western gentian,,
Stillingia spinulosa,Stillingia,listed,,,,,G4,,NDNH endemism status: Not Evaluated; Common name: annual toothleaf,,
Plagiobothrys salsus,Plagiobothrys,listed,,,,,G2,,NDNH endemism status: Not Evaluated; Common name: saltmarsh allocarya,,
Imperata brevifolia,Imperata,listed,,,,,G3,,NDNH endemism status: Not Evaluated; Common name: satintail,,
Leptosiphon pachyphyllus,Leptosiphon,listed,,,,,G2,,NDNH endemism status: Not Evaluated; Common name: Sierra linanthus,,
Ferocactus cylindraceus var. lecontei,Ferocactus,listed,,"Protected (cactus, yucca, or Christmas tree)",,,G5,,NDNH endemism status: Not Evaluated; Common name: Mojave barrel cactus,,
Anthemis cotula,Anthemis,listed,,,,,G5,,NDNH endemism status: Not Evaluated; Common name: mayweed chamomile,,
Echinocereus triglochidiatus var. mojavensis,Echinocereus,listed,,"Protected (cactus, yucca, or Christmas tree)",,,G5,,Common name: Mojave mound cactus,,
Yucca brevifolia,Yucca,listed,Under Review,"Protected (cactus, yucca, or Christmas tree)",,,G3,,NDNH endemism status: Not Evaluated; Common name: western Joshua tree,,
Trifolium lemmonii,Trifolium,listed,,,,,G3,,NDNH endemism status: Not Evaluated; Common name: Lemmon clover,,
Aquilegia scopulorum,Aquilegia,listed,,,,,G3,,NDNH endemism status: Not Evaluated; Common name: Utah columbine,,
Castilleja martini var. clokeyi,Castilleja,listed,,,,,,,NDNH endemism status: Not Evaluated; Common name: Clokey paintbrush,,
Elymus sierrae,Elymus,listed,,,,,G3,,NDNH endemism status: Not Evaluated; Common name: Sierra wild rye,,
Selaginella utahensis,Selaginella,listed,,,,,G2,,NDNH endemism status: Not Evaluated; Common name: Utah spikemoss,,
Phacelia austromontana,Phacelia,listed,,,,,G4,,NDNH endemism status: Not Evaluated; Common name: southern Sierra phacelia,,
Phacelia thermalis,Phacelia,listed,,,,,G3,,NDNH endemism status: Not Evaluated; Common name: hotspring phacelia,,
Linanthus inyoensis,Linanthus,listed,,,,,G3,,NDNH endemism status: Not Evaluated; Common name: Inyo linanthus,,
Nama rothrockii,Nama,listed,,,,,G4,,NDNH endemism status: Not Evaluated; Common name: blue balls,,
Penstemon patens,Penstemon,listed,,,,,G2,,NDNH endemism status: Not Evaluated; Common name: Owens Valley beardtongue,,
Lythrum salicaria,Lythrum,listed,,,,,G5,,NDNH endemism status: Not Evaluated; Common name: purple loosestrife,,
Pinus longaeva,Pinus,listed,,"Protected (cactus, yucca, or Christmas tree)",,,G4,,NDNH endemism status: Not Evaluated; Common name: ancient bristlecone pine,,
Scopulophila rixfordii,Scopulophila,listed,,,,,G3,,Common name: Rixford rockwort,,
Ivesia arizonica var. arizonica,Ivesia,listed,,,,,G3,,Common name: yellow purpusia,,
Potentilla millefolia,Potentilla,listed,,,,,G5,,Common name: Feather Cinquefoil,,
Eriogonum heermannii var. floccosum,Eriogonum,listed,,,,,G5,,NDNH endemism status: Not Evaluated; Common name: Clark Mountain buckwheat,,
Eryngium alismifolium,Eryngium,listed,,,,,G4,,Common name: Modoc Eryngo,,
Centaurea stoebe ssp. micranthos,Centaurea,listed,,,,,,,NDNH endemism status: Not Evaluated; Common name: spotted knapweed,,
Muilla coronata,Muilla,listed,,,,,G3,,Common name: pygmy muilla,,
Elatine brachysperma,Elatine,listed,,,,,G5,,Common name: Short-seed waterwort,,
Potentilla crinita,Potentilla,listed,,,,,G3,,Common name: bearded cinquefoil,,
Yucca elata var. utahensis,Yucca,listed,,,,,G5,,Common name: Utah yucca,,
Angelica lineariloba,Angelica,listed,,,,,G4,,Common name: soda straw,,
Sabulina macrantha var. filiorum,Sabulina,listed,,,,,,,NDNH endemism status: Not Evaluated; Common name: bigflower sandwort,,
Sphaerophysa salsula,Sphaerophysa,listed,,,,,,,NDNH endemism status: Not Evaluated; Common name: austrian fieldcress,,
Chylismia scapoidea var. utahensis,Chylismia,listed,,,,,G5,,NDNH endemism status: Not Evaluated; Common name: Utah suncup,,
Tetrapteron palmeri,Tetrapteron,listed,,,,,G3,,NDNH endemism status: Not Evaluated; Common name: Palmer evening primrose,,
Malacothrix stebbinsii,Malacothrix,listed,,,,,G3,,NDNH endemism status: Not Evaluated; Common name: Stebbins desertdandelion,,
Cuscuta salina,Cuscuta,listed,,,,,G5,,Common name: Inland salt-marsh dodder,,
Solanum elaeagnifolium,Solanum,listed,,,,,G4,,Common name: white horsenettle,,
Mammillaria tetrancistra,Mammillaria,listed,,,,,G3,,Common name: Common fishhook cactus,,
Psathyrotes pilifera,Psathyrotes,listed,,,,,G3,,NDNH endemism status: Not Evaluated; Common name: hairybeast turtleback,,
Astragalus ceramicus var. ceramicus,Astragalus,listed,,,,,G4,,NDNH endemism status: Not Evaluated; Common name: painted milkvetch,,
Eriogonum latens,Eriogonum,listed,,,,,G3,,NDNH endemism status: Not Evaluated; Common name: Inyo buckwheat,,
Cardaria draba,Cardaria,listed,,,,,,,NDNH endemism status: Not Evaluated; Common name: hoary cress,,
Artemisia tridentata ssp. wyomingensis,Artemisia,listed,,Nevada State Emblem,,,G5,,NDNH endemism status: Not Evaluated,,
Potentilla brevifolia,Potentilla,listed,,,,,G4,,Common name: Shortleaf Cinquefoil,,
Erigeron pygmaeus,Erigeron,listed,,,,,G3,,NDNH endemism status: Not Evaluated; Common name: pygmy fleabane,,
Hulsea heterochroma,Hulsea,listed,,,,,G3,,NDNH endemism status: Not Evaluated; Common name: redray alpinegold,,
Gymnosteris nudicaulis,Gymnosteris,listed,,,,,G4,,Common name: starcup,,
Castilleja arachnoidea,Castilleja,listed,,,,,G3,,NDNH endemism status: Not Evaluated; Common name: cobwebby paintbrush,,
Lupinus obtusilobus,Lupinus,listed,,,,,G3,,NDNH endemism status: Not Evaluated; Common name: blunt-lobe lupine,,
Laphamia stansburyi,Laphamia,listed,,,,,G3,,NDNH endemism status: Not Evaluated; Common name: Stansburys rockdaisy,,
Oryzopsis hymenoides,Oryzopsis,listed,,Nevada State Emblem,,,G5,,NDNH endemism status: Not Evaluated; Common name: Indian ricegrass,,
Carduus nutans,Carduus,listed,,,,,,,NDNH endemism status: Not Evaluated; Common name: musk thistle,,
Clarkia lassenensis,Clarkia,listed,,,,,G5,,NDNH endemism status: Not Evaluated; Common name: Mt. Lassen clarkia,,
Claytonia megarhiza,Claytonia,listed,,,,,G5,,Common name: Fell-fields claytonia,,
Cryptantha pterocarya var. stenoloba,Cryptantha,listed,,,,,G5,,NDNH endemism status: Not Evaluated; Common name: narrowlobe cryptantha,,
Boechera inyoensis,Boechera,listed,,,,,G3,,Common name: Inyo Rockcress,,
Aquilegia coerulea,Aquilegia,listed,,,,,G5,,NDNH endemism status: Not Evaluated; Common name: Colorado columbine,,
Tetracoccus hallii,Tetracoccus,listed,,,,,G4,,Common name: Chuckwalla bushspurge,,
Dalea lanata var. terminalis,Dalea,listed,,,,,G5,,NDNH endemism status: Not Evaluated; Common name: wooly prairie-clover,,
Linanthus arenicola,Linanthus,listed,,,,,G3,,NDNH endemism status: Not Evaluated; Common name: dune linanthus,,
Brickellia knappiana,Brickellia,listed,,,,,G2,,NDNH endemism status: Not Evaluated; Common name: Knapp brickellbush,,
Gentiana newberryi var. tiogana,Gentiana,listed,,,,,G4,,NDNH endemism status: Not Evaluated; Common name: Tioga gentian,,
Hackelia ophiobia,Hackelia,listed,,,,,G3,,NDNH endemism status: Not Evaluated; Common name: rattlesnake stickseed,,
Datisca glomerata,Datisca,listed,,,,,G3,,Common name: Durango Root,,
Hackelia cusickii,Hackelia,listed,,,,,G4,,NDNH endemism status: Not Evaluated; Common name: Cusick stickseed,,
Allium punctum,Allium,listed,,,,,G3,,Common name: Dotted Onion,,
Cryptantha muricata var. jonesii,Cryptantha,listed,,,,,G3,,Common name: Pointed Cats-eye,,
Cylindropuntia acanthocarpa var. coloradensis,Cylindropuntia,listed,,,,,G4,,Common name: Colorado Buckhorn Cholla,,
Silene pectinata,Silene,listed,,,,,G4,,NDNH endemism status: Not Evaluated; Common name: fringed catchfly,,
Cicuta maculata,Cicuta,listed,,,,,G5,,Common name: water hemlock,,
Frasera albicaulis var. modocensis,Frasera,listed,,,,,G5,,NDNH endemism status: Not Evaluated; Common name: purple green gentian,,
Erigeron nauseosus,Erigeron,listed,,,,,G4,,NDNH endemism status: Not Evaluated; Common name: Marysvale fleabane,,
Erigeron algidus,Erigeron,listed,,,,,G2,,NDNH endemism status: Not Evaluated; Common name: Stalked fleabane,,
Opuntia engelmannii var. engelmannii,Opuntia,listed,,,,,G5,,NDNH endemism status: Not Evaluated; Common name: Engelmanns Pricklypear,,
Penstemon petiolatus,Penstemon,listed,,,,,G2,,NDNH endemism status: Not Evaluated; Common name: limestone penstemon,,
Echinocactus polycephalus var. xeranthemoides,Echinocactus,listed,,,,,G3,,Common name: Manyhead barrel cactus,,
Isatis tinctoria,Isatis,listed,,,,,,,NDNH endemism status: Not Evaluated; Common name: dyers woad,,
Halimolobos jaegeri,Halimolobos,listed,,,,,G3,,Common name: rock mustard,,
Physaria kingii ssp. cobrensis,Physaria,listed,,,,,G5,,Common name: Kings bladderpod,,
Artemisia tridentata,Artemisia,listed,,Nevada State Emblem,,,G5,,NDNH endemism status: Not Evaluated,,
Boechera glaucovalvula,Boechera,listed,,,,,G3,,Common name: Bluepod Rockcress,,
Phlox gladiformis,Phlox,listed,,,,,G3,,NDNH endemism status: Not Evaluated; Common name: daggerleaf phlox,,
Ivesia sabulosa,Ivesia,listed,,,,,G3,,Common name: Intermountain Ivesia,,
Phlox kelseyi ssp. salina,Phlox,listed,,,,,G4,,NDNH endemism status: Not Evaluated; Common name: marsh phlox,,
Trifolium andersonii ssp. monoense,Trifolium,listed,,,,,G5,,NDNH endemism status: Not Evaluated; Common name: Mono clover,,
Viola utahensis,Viola,listed,,,,,G4,,NDNH endemism status: Not Evaluated; Common name: Utah violet,,
Brassica tournefortii,Brassica,listed,,,,,,,NDNH endemism status: Not Evaluated; Common name: Sahara mustard,,
Kochia californica,Kochia,listed,,,,,G3,,Common name: rusty Molly,,
Echinocereus engelmannii var. armatus,Echinocereus,listed,,"Protected (cactus, yucca, or Christmas tree)",,,G5,,Common name: armored hedgehog cactus,,
Hypericum perforatum,Hypericum,listed,,,,,,,NDNH endemism status: Not Evaluated; Common name: Klamath weed,,
Agave utahensis var. utahensis,Agave,listed,,,,,G4,,Common name: Utah agave,,
Senecio amplectens,Senecio,listed,,,,,G4,,NDNH endemism status: Not Evaluated; Common name: showy alpine groundsel,,
Galium munzii,Galium,listed,,,,,G4,,NDNH endemism status: Not Evaluated; Common name: Munz bedstraw,,
Phacelia laxiflora,Phacelia,listed,,,,,G2,,NDNH endemism status: Not Evaluated; Common name: nodding scorpionflower,,
Juncus cooperi,Juncus,listed,,,,,G4,,NDNH endemism status: Not Evaluated; Common name: Cooper rush,,
Primula cusickiana var. cusickiana,Primula,listed,,,,,G4,,NDNH endemism status: Not Evaluated; Common name: Wallowa primrose,,
Salvia pachyphylla,Salvia,listed,,,,,G4,,Common name: thickleaf sage,,
Mentzelia puberula,Mentzelia,listed,,,,,G4,,NDNH endemism status: Not Evaluated; Common name: rough-stem stickleaf,,
Eriophyllum ambiguum,Eriophyllum,listed,,,,,G3,,NDNH endemism status: Not Evaluated; Common name: annual woolly sunflower,,
Erigeron aphanactis var. congestus,Erigeron,listed,,,,,G5,,NDNH endemism status: Not Evaluated; Common name: clustered fleabane,,
Boechera dispar,Boechera,listed,,,,,G3,,Common name: pinyon rockcress,,
Opuntia x curvispina,Opuntia,listed,,"Protected (cactus, yucca, or Christmas tree)",,,G3,,Common name: Searchlight pricklypear,,
Cleomella obtusifolia,Cleomella,listed,,,,,G3,,Common name: Mojave cleomella,,
Phacelia calthifolia,Phacelia,listed,,,,,G3,,NDNH endemism status: Not Evaluated; Common name: calthaleaf phacelia,,
Erigeron concinnus var. condensatus,Erigeron,listed,,,,,,,NDNH endemism status: Not Evaluated; Common name: clustered Navajo fleabane,,
Calochortus eurycarpus,Calochortus,listed,,,,,G4,,NDNH endemism status: Not Evaluated; Common name: big-pod mariposa lily,,
Sonchus arvensis,Sonchus,listed,,,,,,,NDNH endemism status: Not Evaluated; Common name: sow thistle,,
Juncus uncialis,Juncus,listed,,,,,G3,,NDNH endemism status: Not Evaluated; Common name: inch-high rush,,
Coryphantha chlorantha,Coryphantha,listed,,"Protected (cactus, yucca, or Christmas tree)",,,G3,,Common name: desert pincushion,,
Ericameria parryi var. monocephala,Ericameria,listed,,,,,G5,,NDNH endemism status: Not Evaluated; Common name: Parrys rabbitbrush,,
Mentzelia torreyi var. torreyi,Mentzelia,listed,,,,,G4,,NDNH endemism status: Not Evaluated; Common name: Torreys stickleaf,,
Arnica amplexicaulis,Arnica,listed,,,,,G5,,NDNH endemism status: Not Evaluated; Common name: clasping arnica,,
Centaurea melitensis,Centaurea,listed,,,,,,,NDNH endemism status: Not Evaluated; Common name: malta star thistle,,
Allium geyeri var. geyeri,Allium,listed,,,,,G4,,Common name: Geyers Onion,,
Lomatium graveolens var. alpinum,Lomatium,endemic,,,,,G5,,Common name: alpine stinking lomatium,,
Eriogonum rixfordii,Eriogonum,listed,,,,,G2,,NDNH endemism status: Not Evaluated; Common name: pagoda buckwheat,,
Gilia salticola,Gilia,listed,,,,,G3,,NDNH endemism status: Not Evaluated; Common name: salt gily-flower,,
Atriplex serenana,Atriplex,listed,,,,,G5,,Common name: Stinking orach,,
Psorothamnus fremontii var. attenuatus,Psorothamnus,listed,,,,,G5,,NDNH endemism status: Not Evaluated; Common name: Fremont dalea,,
Oreocarya tumulosa,Oreocarya,listed,,,,,G4,,NDNH endemism status: Not Evaluated; Common name: New York Mountains catseye,,
Eragrostis lutescens,Eragrostis,listed,,,,,G3,,NDNH endemism status: Not Evaluated; Common name: six-weeks lovegrass,,
Ericameria nauseosa var. turbinata,Ericameria,listed,,,,,G5,,Common name: Rubber Rabbitbrush,,
Crataegus rivularis,Crataegus,listed,,,,,G5,,Common name: River Hawthorn,,
Castilleja peckiana,Castilleja,listed,,,,,G3,,NDNH endemism status: Not Evaluated; Common name: Pecks paintbrush,,
Pyrrocoma lanceolata var. subviscosa,Pyrrocoma,listed,,,,,G4,,NDNH endemism status: Not Evaluated; Common name: sticky intermountain pyrrocoma,,
Boechera suffrutescens,Boechera,listed,,,,,G3,,Common name: Woody Rockcress,,
Bacopa eisenii,Bacopa,listed,,,,,G3,,NDNH endemism status: Not Evaluated; Common name: Gila River water-hyssop,,
Eriogonum saxatile,Eriogonum,listed,,,,,G3,,NDNH endemism status: Not Evaluated; Common name: hoary buckwheat,,
Gentianopsis holopetala,Gentianopsis,listed,,,,,G4,,NDNH endemism status: Not Evaluated; Common name: Sierra fringed gentian,,
Echinodorus berteroi,Echinodorus,listed,,,,,G5,,Common name: upright burhead,,
Zygophyllum fabago,Zygophyllum,listed,,,,,,,NDNH endemism status: Not Evaluated; Common name: syrian bean caper,,
Ribes niveum,Ribes,listed,,,,,G3,,Common name: Snowy Gooseberry,,
Tribulus terrestris,Tribulus,listed,,,,,,,NDNH endemism status: Not Evaluated; Common name: goatheads,,
Carex viridula ssp. viridula,Carex,listed,,,,,G5,,NDNH endemism status: Not Evaluated; Common name: little green sedge,,
Astragalus tephrodes var. brachylobus,Astragalus,listed,,,,,G5,,Common name: Prescott milkvetch,,
Thelypodium sagittatum ssp. ovalifolium,Thelypodium,listed,,,,,G4,,Common name: ovalleaf thelypody,,
Asclepias hallii,Asclepias,listed,,,,,G3,,Common name: Hall’s milkweed,,
Oenothera xylocarpa,Oenothera,listed,,,,,G3,,NDNH endemism status: Not Evaluated; Common name: Sierra evening primrose,,
Tamarix aphylla,Tamarix,listed,,,,,,,NDNH endemism status: Not Evaluated; Common name: athel tamarix,,
Dudleya arizonica,Dudleya,listed,,,,,G4,,NDNH endemism status: Not Evaluated; Common name: chalk liveforever,,
Pinus monophylla,Pinus,listed,,Nevada State Emblem,,,G5,,NDNH endemism status: Not Evaluated; Common name: singleleaf pinyon pine,,
Boechera schistacea,Boechera,listed,,,,,G3,,Common name: schist rockcress,,
Astragalus straturensis,Astragalus,listed,,,,,G2,,NDNH endemism status: Not Evaluated; Common name: Silver Reef milkvetch,,
Rorippa sphaerocarpa,Rorippa,listed,,,,,G5,,Common name: Round-fruit Yellowcress,,
Linaria vulgaris,Linaria,listed,,,,,,,NDNH endemism status: Not Evaluated; Common name: butter and eggs,,
Laphamia gracilis,Laphamia,listed,,,,,G2,,NDNH endemism status: Not Evaluated; Common name: slender rockdaisy,,
Cymopterus cinerarius,Cymopterus,listed,,,,,G3,,Common name: gray wavewing,,
Astragalus lentiginosus var. scorpionis,Astragalus,listed,,,,,G5,,NDNH endemism status: Not Evaluated; Common name: scorpion milkvetch,,
Chylismia munzii,Chylismia,listed,,,,,G3,,NDNH endemism status: Not Evaluated; Common name: Death Valley suncup,,
Astragalus mohavensis var. mohavensis,Astragalus,listed,,,,,G3,,NDNH endemism status: Not Evaluated; Common name: Mojave milkvetch,,
Astragalus austiniae,Astragalus,listed,,,,,G2,,Common name: Austin milkvetch,,
Linum subteres,Linum,listed,,,,,G4,,NDNH endemism status: Not Evaluated; Common name: sprucemont flax,,
Eriogonum panamintense,Eriogonum,listed,,,,,G3,,Common name: Panamint buckwheat,,
Eriogonum ovalifolium var. eximium,Eriogonum,listed,,,,,G5,,NDNH endemism status: Not Evaluated; Common name: Slide Mountain buckwheat,,
Euphorbia parishii,Euphorbia,listed,,,,,G3,,NDNH endemism status: Not Evaluated; Common name: Parish sandmat,,
Euphorbia virgata,Euphorbia,listed,,,,,,,NDNH endemism status: Not Evaluated; Common name: leafy spurge,,
Keckiella rothrockii,Keckiella,listed,,,,,G4,,NDNH endemism status: Not Evaluated; Common name: Rothrocks beardtongue,,
Agastache cusickii,Agastache,listed,,,,,G3,,NDNH endemism status: Not Evaluated; Common name: Cusick hyssop,,
Lomatium depauperatum,Lomatium,listed,,,,,G4,,Common name: Bonneville Basin biscuitroot,,
Cirsium virginense,Cirsium,listed,,,,,G2,,NDNH endemism status: Not Evaluated; Common name: Virgin River thistle,,
Carex fissuricola,Carex,listed,,,,,G5,,NDNH endemism status: Not Evaluated; Common name: cleft sedge,,
Gaillardia arizonica,Gaillardia,listed,,,,,G4,,NDNH endemism status: Not Evaluated; Common name: Arizona blanketflower,,
Leptosiphon chrysanthus var. decorus,Leptosiphon,listed,,,,,G4,,NDNH endemism status: Not Evaluated; Common name: golden linanthus,,
Fagonia laevis,Fagonia,listed,,,,,G4,,Common name: California Fagonbush,,
Polygonum heterosepalum,Polygonum,listed,,,,,G2,,NDNH endemism status: Not Evaluated; Common name: dwarf desert knotweed,,
Fraxinus dipetala,Fraxinus,listed,,,,,G5,,Common name: California Ash,,
Ericameria nauseosa var. juncea,Ericameria,listed,,,,,G5,,Common name: Rush rabbitbrush,,
Eriogonum ampullaceum,Eriogonum,listed,,,,,G3,,NDNH endemism status: Not Evaluated; Common name: Mono buckwheat,,
Cleomella brevipes,Cleomella,listed,,,,,G3,,Common name: Short-pedicelled Cleomella,,
Laphamia palmeri,Laphamia,listed,,,,,,,NDNH endemism status: Not Evaluated; Common name: Dixie rockdaisy,,
Potentilla newberryi,Potentilla,listed,,,,,G3,,Common name: Newberrys Cinquefoil,,
Antennaria pulchella,Antennaria,listed,,,,,G3,,NDNH endemism status: Not Evaluated; Common name: beautiful pussytoes,,
Tonestus eximius,Tonestus,listed,,,,,G3,,NDNH endemism status: Not Evaluated; Common name: Tahoe goldenheads,,
Carex nardina,Carex,listed,,,,,G5,,NDNH endemism status: Not Evaluated; Common name: Nard sedge,,
Phacelia lutea var. calva,Phacelia,listed,,,,,G4,,NDNH endemism status: Not Evaluated; Common name: Owyhee phacelia,,
Downingia insignis,Downingia,listed,,,,,G4,,Common name: parti-color dowingia,,
Delphinium polycladon,Delphinium,listed,,,,,G2,,NDNH endemism status: Not Evaluated; Common name: mountain marsh larkspur,,
Potentilla recta,Potentilla,listed,,,,,,,NDNH endemism status: Not Evaluated; Common name: sulphur cinquefoil,,
Arida arizonica,Arida,listed,,,,,G3,,NDNH endemism status: Not Evaluated; Common name: sand aster,,
Antennaria luzuloides ssp. aberrans,Antennaria,listed,,,,,G5,,NDNH endemism status: Not Evaluated; Common name: rush pussytoes,,
Lepidium latifolium,Lepidium,listed,,,,,,,NDNH endemism status: Not Evaluated; Common name: tall whitetop,,
Phlox griseola,Phlox,listed,,,,,G3,,NDNH endemism status: Not Evaluated; Common name: grayleaf phlolx,,
Erythranthe parishii,Erythranthe,listed,,,,,G3,,NDNH endemism status: Not Evaluated; Common name: Parishs monkeyflower,,
Oreocarya depressa,Oreocarya,listed,,,,,G3,,NDNH endemism status: Not Evaluated; Common name: dentnut perennial catseye,,
Lathyrus brownii,Lathyrus,listed,,,,,G4,,NDNH endemism status: Not Evaluated; Common name: Browns brush pea,,
Phacelia petrosa,Phacelia,listed,,,,,G3,,NDNH endemism status: Not Evaluated; Common name: rock phacelia,,
Lomatium leptocarpum,Lomatium,listed,,,,,G3,,Common name: Gumbo Lomatium,,
Peganum harmala,Peganum,listed,,,,,,,NDNH endemism status: Not Evaluated; Common name: African rue,,
Astragalus gibbsii,Astragalus,listed,,,,,G4,,NDNH endemism status: Not Evaluated; Common name: Gibbs milkvetch,,
Carex holmgreniorum,Carex,listed,,,,,G1,,NDNH endemism status: Not Evaluated; Common name: Holmgrens sedge,,
Boechera davidsonii,Boechera,listed,,,,,G3,,Common name: Davidson rockcress,,
Artemisia tridentata ssp. tridentata,Artemisia,listed,,Nevada State Emblem,,,G5,,NDNH endemism status: Not Evaluated,,
Xanthisma grindelioides var. depressum,Xanthisma,listed,,,,,G5,,NDNH endemism status: Not Evaluated; Common name: rayless tansy aster,,
Astragalus atratus var. owyheensis,Astragalus,listed,,,,,G4,,NDNH endemism status: Not Evaluated; Common name: Owyhee milkvetch,,
Cymopterus gilmanii,Cymopterus,listed,,,,,G3,,Common name: Gilman spring parsley,,
Erigeron watsonii,Erigeron,listed,,,,,G3,,NDNH endemism status: Not Evaluated; Common name: Watsons fleabane,,
Eustoma exaltatum,Eustoma,listed,,,,,G5,,NDNH endemism status: Not Evaluated; Common name: catchfly gentian,,
Ivesia setosa,Ivesia,listed,,,,,G3,,Common name: Bristly Ivesia,,
Astragalus kentrophyta var. danaus,Astragalus,listed,,,,,G5,,Common name: Sweetwater Mountains Milkvetch,,
Escobaria vivipara var. rosea,Escobaria,listed,,"Protected (cactus, yucca, or Christmas tree)",,,G5,,Common name: Clokey pincushion,,
Cymopterus ripleyi var. ripleyi,Cymopterus,endemic,,,,,G3,,Common name: Ripley biscuitroot,,
Sisyrinchium funereum,Sisyrinchium,listed,,,,,G2,,Common name: Death Valley blue eyed grass,,
Asclepias rusbyi,Asclepias,listed,,,,,G4,,Common name: Rusby’s milkweed,,
Hymenothrix loomisii,Hymenothrix,listed,,,,,G3,,NDNH endemism status: Not Evaluated; Common name: Loomis thimblehead,,
Muhlenbergia utilis,Muhlenbergia,listed,,,,,G4,,NDNH endemism status: Not Evaluated; Common name: aparejo grass,,
Ligusticum porteri,Ligusticum,listed,,,,,G3,,NDNH endemism status: Not Evaluated; Common name: Porters Lovage,,
Phacelia barnebyana,Phacelia,listed,,,,,G3,,NDNH endemism status: Not Evaluated; Common name: Barneby phacelia,,
Argythamnia cyanophylla,Argythamnia,listed,,,,,G4,,NDNH endemism status: Not Evaluated; Common name: silverbush,,
Yucca jaegeriana,Yucca,listed,Under Review,"Protected (cactus, yucca, or Christmas tree)",,,G3,,NDNH endemism status: Not Evaluated; Common name: eastern Joshua tree,,
Eriogonum glandulosum,Eriogonum,listed,,,,,G2,,NDNH endemism status: Not Evaluated; Common name: acorn buckwheat,,
Ipomopsis congesta ssp. viridis,Ipomopsis,listed,,,,,G5,,NDNH endemism status: Not Evaluated; Common name: Greenleaf ballhead gilia,,
Crepis runcinata var. andersonii,Crepis,listed,,,,,G5,,NDNH endemism status: Not Evaluated; Common name: naked-stem hawksbeard,,
Artemisia packardiae,Artemisia,listed,,,,,G3,,NDNH endemism status: Not Evaluated; Common name: Packard mugwort,,
Astragalus convallarius var. finitimus,Astragalus,listed,,,,,G5,,NDNH endemism status: Not Evaluated; Common name: Pine Valley milkvetch,,
Oreocarya hoffmannii,Oreocarya,listed,,,,,G3,,NDNH endemism status: Not Evaluated; Common name: Hoffman cryptantha,,
Eremogone congesta var. charlestonensis,Eremogone,listed,,,,,G5,,NDNH endemism status: Not Evaluated; Common name: Mount Charleston sandwort,,
Boechera rigidissima,Boechera,listed,,,,,G3,,Common name: stiff rockcress,,
Thelypodium laxiflorum,Thelypodium,endemic,,,,,G4,,Common name: loose flowered thelypody,,
Bahiopsis reticulata,Bahiopsis,listed,,,,,G3,,NDNH endemism status: Not Evaluated; Common name: netvein goldeneye,,
Lupinus fulcratus,Lupinus,listed,,,,,G3,,Common name: California green-stipule lupine,,
Sorghum halepense,Sorghum,listed,,,,,,,NDNH endemism status: Not Evaluated; Common name: johnson grass,,
Cymopterus nivalis,Cymopterus,listed,,,,,G5,,Common name: snow wavewing,,
Canbya aurea,Canbya,listed,,,,,G3,,Common name: Golden Pygmypoppy,,
Calochortus panamintensis,Calochortus,listed,,,,,G3,,NDNH endemism status: Not Evaluated; Common name: Panamint mariposa lily,,
Onopordum acanthium,Onopordum,listed,,,,,,,NDNH endemism status: Not Evaluated; Common name: Scotch thistle,,
Aliciella ripleyi,Aliciella,listed,,,,,G3,,NDNH endemism status: Not Evaluated; Common name: Ripley gilia,,
Hyoscyamus niger,Hyoscyamus,listed,,,,,,,NDNH endemism status: Not Evaluated; Common name: black henbane,,
Centaurea solstitialis,Centaurea,listed,,,,,,,NDNH endemism status: Not Evaluated; Common name: yellow starthistle,,
Astragalus tephrodes var. chloridae,Astragalus,listed,,,,,G5,,Common name: Chloride milkvetch,,
Oenothera longissima,Oenothera,listed,,,,,G4,,NDNH endemism status: Not Evaluated; Common name: longstem evening primrose,,
Mentzelia pterosperma,Mentzelia,listed,,,,,G4,,NDNH endemism status: Not Evaluated; Common name: wing-seed blazingstar,,
Penstemon floridus var. austinii,Penstemon,listed,,,,,G3,,NDNH endemism status: Not Evaluated; Common name: Austin beardtongue,,
Ribes lasianthum,Ribes,listed,,,,,G3,,Common name: Woollyflower Gooseberry,,
Carsonia sparsifolia,Carsonia,listed,,,,,G3,,Common name: Naked Spiderflower,,
Sabulina pusilla,Sabulina,listed,,,,,G3,,NDNH endemism status: Not Evaluated; Common name: dwarf stitchwort,,
Thelypodiopsis vermicularis,Thelypodiopsis,listed,,,,,G3,,Common name: Great Basin Tumblr Mustard,,
Townsendia parryi,Townsendia,listed,,,,,G4,,NDNH endemism status: Not Evaluated; Common name: Parrys townsend daisy,,
Phacelia salina,Phacelia,listed,,,,,G3,,NDNH endemism status: Not Evaluated; Common name: saline phacelia,,
Boechera cusickii,Boechera,listed,,,,,G4,,Common name: Cusick rockcress,,
Oxytropis oreophila,Oxytropis,listed,,,,,G5,,NDNH endemism status: Not Evaluated; Common name: mountain point-vetch,,
Polystichum kruckebergii,Polystichum,listed,,,,,G4,,NDNH endemism status: Not Evaluated; Common name: Kruckebergs swordfern,,
Lathyrus rigidus,Lathyrus,listed,,,,,G5,,NDNH endemism status: Not Evaluated; Common name: rigid peavine,,
Eriogonum kennedyi var. purpusii,Eriogonum,listed,,,,,G4,,NDNH endemism status: Not Evaluated; Common name: Purpus buckwheat,,
Piptatherum shoshoneanum,Piptatherum,listed,,,,,G2,,NDNH endemism status: Not Evaluated; Common name: cliff needlegrass,,
Adiantum aleuticum,Adiantum,listed,,,,,G5,,NDNH endemism status: Not Evaluated; Common name: western maidenhair,,
Cynoglossum officinale,Cynoglossum,listed,,,,,,,NDNH endemism status: Not Evaluated; Common name: houndstongue,,
Mentzelia lagarosa,Mentzelia,listed,,,,,G2,,NDNH endemism status: Not Evaluated; Common name: slender-lobed blazingstar,,
Tamarix ramosissima,Tamarix,listed,,,,,,,NDNH endemism status: Not Evaluated; Common name: saltcedar,,
Downingia bicornuta var. bicornuta,Downingia,listed,,,,,G3,,NDNH endemism status: Not Evaluated; Common name: double-horn dowingia,,
Ivesia shockleyi var. shockleyi,Ivesia,listed,,,,,G3,,Common name: sky mousetails,,
Alhagi maurorum,Alhagi,listed,,,,,,,NDNH endemism status: Not Evaluated; Common name: camelthorn,,
Acroptilon repens,Acroptilon,listed,,,,,,,NDNH endemism status: Not Evaluated; Common name: russian knapweed,,
Cirsium arvense,Cirsium,listed,,,,,G5,,NDNH endemism status: Not Evaluated; Common name: canada thistle,,
Artemisia tridentata ssp. vaseyana,Artemisia,listed,,Nevada State Emblem,,,G5,,NDNH endemism status: Not Evaluated,,
Astragalus panamintensis,Astragalus,listed,,,,,G3,,Common name: Panamint milkvetch,,
Physaria newberryi ssp. newberryi,Physaria,listed,,,,,G3,,Common name: Mokiah Pass twinpod,,
Chondrilla juncea,Chondrilla,listed,,,,,,,NDNH endemism status: Not Evaluated; Common name: rush skeletonweed,,
Galega officinalis,Galega,listed,,,,,,,NDNH endemism status: Not Evaluated; Common name: goats rue,,
Myriophyllum spicatum,Myriophyllum,listed,,,,,,,NDNH endemism status: Not Evaluated; Common name: Eurasian water milfoil,,
Rorippa austriaca,Rorippa,listed,,,,,,,NDNH endemism status: Not Evaluated; Common name: Austrian fieldcress,,
Pennisetum setaceum,Pennisetum,listed,,,,,,,NDNH endemism status: Not Evaluated; Common name: green fountaingrass,,
Erigeron clokeyi var. clokeyi,Erigeron,endemic,,,,,G4,,Common name: Clokey fleabane,,
Sidalcea multifida,Sidalcea,listed,,,,,G3,,NDNH endemism status: Not Evaluated; Common name: cutleaf checker-mallow,,
Boechera fernaldiana ssp. fernaldiana,Boechera,endemic,,,,,G4,,Common name: Fernald rockcress,,
Eriogonum crosbyae var. mystrium,Eriogonum,listed,,,,,G4,,Common name: Pueblo Mountain buckwheat,,
Agave simplex,Agave,listed,,,,,G4,,Common name: desert century plant,,
Ceanothus bakeri,Ceanothus,listed,,,,,,,Common name: Carson Range buckbrush,,
Potentilla versicolor,Potentilla,listed,,,,,G3,,Common name: Steens Mountain cinquefoil,,
Dryopteris arguta,Dryopteris,listed,,,,,G5,,Common name: coastal woodfern,,
Lorandersonia salicina,Lorandersonia,listed,,,,,G3,,Common name: willow glowweed,,
Hebecarpa macradenia,Hebecarpa,listed,,,,,G4,,Common name: glandleaf milkwort,,
Johnstonella costata,Johnstonella,listed,,,,,G4,,Common name: ashen forget me not,,
Eremogone hookeri var. hookeri,Eremogone,listed,,,,,G5,,Common name: Hooker sandwort,,
Mentzelia eremophila,Mentzelia,listed,,,,,G3,,Common name: solitary blazing star,,
Diplacus jepsonii,Diplacus,listed,,,,,G4,,Common name: Jepson monkeyflower,,
Pediocactus simpsonii,Pediocactus,listed,,"Protected (cactus, yucca, or Christmas tree)",,,G5,,Common name: mountain cactus,,
Centaurea virgata ssp. squarrosa,Centaurea,listed,,,,,,,Common name: squarrose knapweed,,
Potentilla concinna var. proxima,Potentilla,listed,,,,,G5,,Common name: Elegant Cinquefoil,,
Erythranthe charlestonensis,Erythranthe,listed,,,,,G1,,Common name: Spring Mountains monkeyflower,,
Muhlenbergia appressa,Muhlenbergia,listed,,,,,G4,,Common name: Devils Canyon muhly,,
Diplacus rupicola,Diplacus,listed,,,,,G4,,Common name: Death Valley monkeyflower,,
Leptosyne bigelovii,Leptosyne,listed,,,,,G3,,NDNH endemism status: Not Evaluated; Common name: Bigelows Tickseed,,
Nemacladus inyoensis,Nemacladus,listed,,,,,G2,,Common name: Badger Flat threadplant,,
Navarretia leptalea ssp. leptalea,Navarretia,listed,,,,,G4,,NDNH endemism status: Not Evaluated; Common name: Bridges gilia,,
Lomatium mohavense,Lomatium,listed,,,,,G4,,Common name: Mojave lomatium,,
Opuntia diploursina,Opuntia,listed,,,,,G3,,Common name: Shaggy pricklypear,,
Gentianopsis thermalis,Gentianopsis,listed,,,,,G4,,Common name: Rocky Mountain Fringed Gentian,,
Boechera rectissima × retrofracta,Boechera,near-endemic,,,,Forest Service Region 4 Sensitive,,,"Common name: Washoe tall rockcress. Hybrid of B. rectissima (Bristlyleaf Rockcress) and B. retrofracta (Reflexed Rockcress), both separately in T&N. NatureServe G-rank: GNA (not applicable to a hybrid), S-rank: S1. NDNH counties: Douglas, Washoe.",,
